SYMBOL,DATE,CLOSE,PREVCLOSE,DELIV_QTY,PCT_CHANGE,AVG_2D,AVG_5D,AVG_7D,AVG_10D,BREAKOUT_TYPE
360ONE,2026-07-17,1113.7,1081.3,2209546,3.0,530469.0,1074336.4,1093772.2857142857,,"2D, 5D, 7D"
360ONE,2026-08-05,1192.0,1155.0,982851,3.2,351018.0,571660.4,531293.8571428572,515483.8,2D
360ONE,2026-08-12,1161.0,1168.0,555374,-0.6,246203.0,608235.8,534745.0,589948.1,2D
360ONE,2026-08-17,1173.0,1180.0,683125,-0.59,172404.0,278517.6,422644.28571428574,464339.7,"2D, 5D"
360ONE,2026-08-20,1203.0,1180.5,915261,1.91,374407.0,355349.4,366137.85714285716,439044.9,"2D, 5D, 7D, 10D"
ABB,2026-07-13,6807.0,6836.0,153848,-0.42,51893.5,76955.2,,,2D
ABB,2026-07-15,7204.5,6892.0,309219,4.53,120389.5,90524.0,89365.0,,"2D, 5D, 7D"
ABB,2026-07-16,7667.5,7204.5,698545,6.43,198075.0,130757.0,121390.28571428571,,"2D, 5D, 7D"
ABB,2026-08-03,7601.0,7284.5,511367,4.34,111621.0,138588.8,125798.71428571429,114912.7,"2D, 5D, 7D, 10D"
ABB,2026-08-19,7430.0,7546.0,89352,-1.54,38843.5,55269.4,58562.857142857145,62102.3,2D
ABCAPITAL,2026-07-14,399.25,407.45,2740967,-2.01,1015810.5,1628161.2,,,2D
ABCAPITAL,2026-07-17,401.55,399.7,3007752,0.46,804999.0,1276517.2,1443071.4285714286,,"2D, 5D, 7D"
ABCAPITAL,2026-07-31,404.3,394.05,3595296,2.6,981570.5,1037776.0,1435892.4285714286,1598193.3,"2D, 5D, 7D, 10D"
ABCAPITAL,2026-08-03,424.35,404.3,3624486,4.96,2042223.0,1469694.0,1591221.0,1656947.7,"5D, 7D, 10D"
ABCAPITAL,2026-08-07,408.05,421.5,2239226,-3.19,1089030.5,2244180.2,1883434.5714285714,1640978.1,2D
ABCAPITAL,2026-08-18,402.0,398.7,2656485,0.83,818197.0,1310381.2,1395415.2857142857,1376902.6,"2D, 5D"
ADANIENSOL,2026-07-23,1683.8,1724.4,1397714,-2.35,758448.5,694129.2,630938.4285714285,597604.6,"5D, 7D, 10D"
ADANIENSOL,2026-08-13,1583.0,1599.0,1238234,-1.0,580870.0,544822.0,493909.85714285716,509021.6,"2D, 5D, 7D, 10D"
ADANIENSOL,2026-08-14,1616.0,1583.0,4691915,2.08,863475.5,700681.8,618831.8571428572,574476.7,"2D, 5D, 7D, 10D"
ADANIGREEN,2026-07-14,1604.5,1546.5,1188021,3.75,448115.5,458575.0,,,"2D, 5D"
ADANIGREEN,2026-07-17,1513.9,1543.7,2496467,-1.93,664344.0,682588.0,617120.1428571428,,"2D, 5D, 7D"
ADANIGREEN,2026-07-22,1472.3,1541.9,1040207,-4.51,499574.0,964860.6,919311.2857142857,781545.6,2D
ADANIGREEN,2026-07-23,1379.9,1472.3,2114026,-6.28,749233.0,1024004.4,1007504.4285714285,843398.3,"2D, 5D, 7D, 10D"
ADANIGREEN,2026-08-03,1395.0,1383.0,1120736,0.87,402701.0,459039.4,868389.2857142857,811808.0,"2D, 5D"
ADANIGREEN,2026-08-11,1366.0,1369.0,864432,-0.22,361702.5,416209.8,528537.0,501068.2,"2D, 5D"
ADANIPORTS,2026-07-23,1778.5,1819.4,1521968,-2.25,726206.0,645053.2,623896.2857142857,604456.5,"2D, 5D, 7D, 10D"
ADANIPORTS,2026-07-29,1719.7,1774.7,1887341,-3.1,1273772.0,1127654.2,963541.7142857143,859467.2,10D
ADANIPORTS,2026-07-30,1664.1,1719.7,2400546,-3.23,1495012.0,1362532.0,1180724.5714285714,1003792.6,"7D, 10D"
ADANIPORTS,2026-07-31,1696.5,1664.1,2970424,1.95,2143943.5,1538247.6,1418022.5714285714,1144465.8,"7D, 10D"
ADANIPORTS,2026-08-05,1700.0,1706.7,1549616,-0.39,645219.5,1709750.0,1585184.857142857,1418702.1,2D
ALKEM,2026-07-13,5567.0,5669.5,135378,-1.81,40937.0,61690.8,,,"2D, 5D"
ALKEM,2026-07-14,5601.5,5567.0,347910,0.62,99129.5,77676.2,,,"2D, 5D"
ALKEM,2026-07-27,5613.0,5633.5,64114,-0.36,26215.5,32990.0,34043.42857142857,88227.4,2D
ALKEM,2026-07-30,5816.5,5672.5,101507,2.54,29702.0,35189.8,33108.0,36182.2,"2D, 5D, 7D, 10D"
ALKEM,2026-08-06,5597.5,5696.5,68284,-1.74,33122.0,62362.6,53031.0,48776.2,2D
ALKEM,2026-08-14,5368.0,5449.5,201122,-1.5,40461.5,40886.6,45497.57142857143,48302.3,"2D, 5D, 7D, 10D"
ALKEM,2026-08-19,5382.5,5475.0,140641,-1.69,45151.0,74469.4,67391.85714285714,60990.7,"2D, 7D, 10D"
AMBER,2026-07-16,8016.5,7850.5,159001,2.11,68927.0,99642.2,104557.57142857143,,2D
AMBER,2026-08-05,7526.0,7395.0,112126,1.77,61430.5,51817.2,53054.42857142857,60519.7,"5D, 7D"
AMBER,2026-08-10,7095.0,7435.0,307303,-4.57,47089.5,65833.2,58742.0,57768.6,"2D, 5D, 7D, 10D"
AMBER,2026-08-13,7175.0,6985.0,251292,2.72,118384.0,127650.0,117878.57142857143,95526.5,"2D, 7D, 10D"
AMBUJACEM,2026-07-14,429.8,432.15,1200499,-0.54,538899.5,681841.4,,,2D
AMBUJACEM,2026-07-28,426.0,430.95,1684948,-1.15,398979.0,505700.4,542633.8571428572,670362.7,"2D, 5D, 7D, 10D"
AMBUJACEM,2026-07-29,435.3,426.0,2012312,2.18,1033455.5,700583.4,665386.2857142857,718807.6,"5D, 7D, 10D"
AMBUJACEM,2026-08-03,444.0,432.2,2125265,2.73,927334.5,1186778.4,987275.2857142857,852468.5,"2D, 7D, 10D"
AMBUJACEM,2026-08-05,445.0,436.05,2844788,2.05,1672060.5,1442220.4,1325430.4285714286,1071401.9,"7D, 10D"
AMBUJACEM,2026-08-12,421.0,424.0,3589475,-0.71,811382.0,1570939.4,1599831.142857143,1506579.9,"2D, 5D, 7D, 10D"
AMBUJACEM,2026-08-17,415.25,417.5,2244825,-0.54,1073015.5,1471654.0,1535059.2857142857,1693432.4,2D
AMBUJACEM,2026-08-21,414.5,411.0,3311733,0.85,1547398.0,1542162.8,1795206.0,1525538.8,"2D, 5D, 10D"
ANGELONE,2026-07-16,334.8,343.4,5960526,-2.5,1959930.0,2083286.6,2486689.1428571427,,"2D, 5D, 7D"
ANGELONE,2026-07-27,304.2,307.95,3520054,-1.22,1435265.0,2219777.2,2747854.285714286,2471276.7,2D
ANGELONE,2026-07-30,291.65,302.5,7562127,-3.59,1314490.5,1803913.0,2105650.285714286,2538401.5,"2D, 5D, 7D, 10D"
APLAPOLLO,2026-07-08,1809.6,1819.8,548452,-0.56,268870.0,,,,2D
APLAPOLLO,2026-07-31,1819.5,1893.1,513684,-3.89,245725.5,186688.4,189683.7142857143,188821.2,"2D, 5D, 7D, 10D"
APLAPOLLO,2026-08-03,1941.5,1819.5,2010454,6.71,387427.5,267463.0,233663.85714285713,220968.6,"2D, 5D, 7D, 10D"
APOLLOHOSP,2026-07-09,8845.5,8753.5,416587,1.05,127127.5,,,,2D
APOLLOHOSP,2026-08-06,8974.5,8910.0,262806,0.72,140040.5,152216.2,136969.85714285713,124443.4,10D
APOLLOHOSP,2026-08-10,8912.0,8945.0,305025,-0.37,223449.5,174163.2,172568.57142857142,147837.4,10D
APOLLOHOSP,2026-08-12,8597.0,8750.5,528238,-1.75,300430.0,234407.8,210239.42857142858,190547.8,"5D, 7D, 10D"
APOLLOHOSP,2026-08-14,8920.5,8600.0,606817,3.73,411066.0,321417.0,284881.5714285714,246762.2,"7D, 10D"
ASHOKLEY,2026-07-08,156.22,164.16,11841467,-4.84,4891998.5,,,,2D
ASHOKLEY,2026-07-31,166.18,158.09,20431427,5.12,6351059.5,5954960.0,5335096.714285715,5107679.3,"2D, 5D, 7D, 10D"
ASHOKLEY,2026-08-03,174.55,166.18,21638136,5.04,14095840.0,9012185.0,7739009.285714285,6713836.2,"5D, 7D, 10D"
ASHOKLEY,2026-08-17,177.1,171.64,17223309,3.18,10071539.5,8325574.6,7848475.0,9802494.3,"5D, 7D"
ASIANPAINT,2026-07-08,2665.9,2731.4,780603,-2.4,303576.5,,,,2D
ASIANPAINT,2026-07-21,2692.4,2691.4,629185,0.04,280364.5,398741.8,480607.4285714286,496295.2,2D
ASIANPAINT,2026-07-29,2758.4,2736.2,1075972,0.81,455293.0,377622.6,407023.0,388860.4,"2D, 5D, 7D, 10D"
ASIANPAINT,2026-07-30,2746.2,2758.4,996805,-0.44,857390.5,536918.2,513324.28571428574,444763.7,10D
ASIANPAINT,2026-08-18,2628.4,2687.5,538523,-2.2,268457.0,381056.6,459559.5714285714,447829.4,2D
ASTRAL,2026-07-30,1471.9,1476.3,208882,-0.3,89614.5,176416.4,247224.14285714287,280070.1,2D
ASTRAL,2026-08-03,1435.6,1448.6,334041,-0.9,181331.0,134748.6,177820.57142857142,249514.1,5D
ASTRAL,2026-08-13,1592.0,1464.0,1842880,8.74,142371.5,107085.8,130772.28571428571,161210.9,"2D, 5D, 7D, 10D"
AUBANK,2026-07-20,993.3,1030.2,1791751,-3.58,334380.5,347549.4,453406.0,703628.8,"2D, 5D, 7D, 10D"
AUBANK,2026-07-23,978.7,980.2,1396987,-0.15,676700.0,762782.4,645357.1428571428,631899.3,"2D, 7D, 10D"
AUBANK,2026-07-27,1052.2,1004.0,2173580,4.8,1094419.5,1066798.0,857535.8571428572,707173.7,"5D, 7D, 10D"
AUBANK,2026-08-06,1087.6,1051.3,2203746,3.45,481739.0,750556.4,788619.7142857143,988275.7,"2D, 5D, 7D, 10D"
AUBANK,2026-08-11,1070.9,1068.0,1030530,0.27,444972.0,811433.6,895803.8571428572,861402.8,2D
AUBANK,2026-08-20,1088.0,1075.0,2259079,1.21,399210.5,589815.0,694279.5714285715,795364.7,"2D, 5D, 7D, 10D"
AUROPHARMA,2026-07-16,1548.4,1550.2,447658,-0.12,197066.0,287383.6,307378.14285714284,,2D
AUROPHARMA,2026-07-20,1559.6,1533.4,755768,1.71,354193.0,286023.8,306472.0,320783.5,"2D, 5D, 7D, 10D"
AUROPHARMA,2026-07-22,1533.6,1579.7,1170790,-2.92,485045.5,373053.2,342887.14285714284,351669.3,"2D, 5D, 7D, 10D"
AUROPHARMA,2026-07-27,1549.4,1532.0,440070,1.14,166658.5,494839.6,454654.85714285716,390431.7,2D
AUROPHARMA,2026-08-03,1554.7,1580.2,930962,-1.61,285201.0,325235.2,279927.5714285714,410037.4,"2D, 5D, 7D, 10D"
AUROPHARMA,2026-08-04,1585.9,1554.7,1406275,2.01,572043.5,423413.6,392244.4285714286,427556.8,"2D, 5D, 7D, 10D"
AXISBANK,2026-07-15,1312.3,1317.6,5077075,-0.4,2421954.5,2712497.0,2925741.714285714,,2D
AXISBANK,2026-07-17,1328.5,1307.6,6894193,1.6,4064618.5,3009515.0,3098817.4285714286,,"5D, 7D"
AXISBANK,2026-07-20,1256.0,1328.5,16693350,-5.46,4973177.5,3973467.8,3578472.285714286,3550362.2,"2D, 5D, 7D, 10D"
AXISBANK,2026-07-21,1258.2,1256.0,10747387,0.18,11793771.5,6877825.0,5519302.571428572,4947129.3,10D
BAJAJ-AUTO,2026-07-13,10381.0,10156.0,647909,2.22,146341.0,115832.0,,,"2D, 5D"
BAJAJ-AUTO,2026-07-14,10166.0,10381.0,488985,-2.07,422823.5,223071.0,,,5D
BAJAJFINSV,2026-07-09,1895.0,1854.9,1342456,2.16,623127.0,,,,2D
BAJAJFINSV,2026-07-14,1869.2,1908.1,1196776,-2.04,536451.0,732322.4,,,2D
BAJAJFINSV,2026-07-31,2029.1,1909.4,1148328,6.27,507916.0,602144.2,617983.0,667361.9,2D
BAJAJFINSV,2026-08-03,2096.0,2029.1,1547915,3.3,745655.5,646091.8,687772.2857142857,746632.0,"2D, 5D, 7D, 10D"
BAJAJHLDNG,2026-07-21,10446.0,10299.0,67755,1.43,43449.0,32405.4,29210.428571428572,27056.2,"5D, 7D, 10D"
BAJAJHLDNG,2026-07-31,11343.0,10970.0,39594,3.4,18326.0,28012.8,30542.285714285714,36844.9,2D
BAJAJHLDNG,2026-08-17,11379.0,11475.0,110107,-0.84,12820.0,14099.8,16176.0,16226.3,"2D, 5D, 7D, 10D"
BAJFINANCE,2026-07-16,1037.6,1021.3,6598655,1.6,3055879.0,4278050.4,4569063.285714285,,2D
BAJFINANCE,2026-07-17,1056.3,1037.6,9101992,1.8,4829639.0,4028592.8,4706515.428571428,,5D
BAJFINANCE,2026-07-24,1012.8,1039.8,12366161,-2.6,5226049.5,5983730.6,5653990.142857143,5006161.7,"2D, 5D, 7D, 10D"
BAJFINANCE,2026-07-31,1141.2,1053.5,23774041,8.32,4687005.0,5855146.8,5675404.714285715,5919438.7,"2D, 5D, 7D, 10D"
BAJFINANCE,2026-08-07,1078.0,1144.8,8707120,-5.84,3543072.0,9014559.4,7778115.285714285,7434853.1,2D
BAJFINANCE,2026-08-20,1095.0,1080.2,4486388,1.37,1875430.5,1800611.6,2593708.1428571427,3557563.0,"2D, 5D"
BANDHANBNK,2026-07-10,210.0,199.86,8940999,5.07,4131528.5,,,,2D
BANDHANBNK,2026-07-15,216.52,207.87,7426228,4.16,3430344.5,4812949.0,4720832.142857143,,2D
BANDHANBNK,2026-07-22,173.5,208.83,52638057,-16.92,4582312.0,4504819.6,4197826.714285715,4658884.3,"2D, 5D, 7D, 10D"
BANDHANBNK,2026-07-23,165.84,173.5,18776723,-4.41,29209858.5,13547185.4,11081900.0,9318682.7,10D
BANDHANBNK,2026-07-29,173.58,168.84,9016132,2.81,3966475.0,17623694.6,13897585.285714285,11064257.1,2D
BANDHANBNK,2026-08-06,174.66,170.46,15303357,2.46,4238212.0,3710633.6,4415153.285714285,6304971.6,"2D, 5D, 7D, 10D"
BANDHANBNK,2026-08-18,170.5,173.25,2355422,-1.59,1024247.5,1897905.2,2649062.1428571427,4232321.6,2D
BANKBARODA,2026-07-20,254.85,246.8,8817058,3.26,3046451.0,5257861.2,5978227.0,6515076.5,2D
BANKBARODA,2026-08-11,246.2,247.81,8844804,-0.65,3643891.0,3838181.8,4124570.714285714,4280504.4,"2D, 5D, 7D, 10D"
BANKINDIA,2026-07-20,146.95,143.17,5780920,2.64,1780367.5,3336157.4,3580622.1428571427,4530942.9,2D
BANKINDIA,2026-07-27,137.87,142.62,10991295,-3.33,2285515.0,3961288.6,3338168.285714286,3648723.0,"2D, 5D, 7D, 10D"
BDL,2026-07-13,1302.8,1344.5,692831,-3.1,221468.5,302699.8,,,"2D, 5D"
BDL,2026-07-28,1271.0,1256.4,460389,1.16,158710.5,161222.6,154190.2857142857,204890.1,"2D, 5D, 7D, 10D"
BDL,2026-08-05,1240.0,1265.0,408110,-1.98,129359.5,124604.4,183582.0,174586.3,"2D, 5D, 7D, 10D"
BDL,2026-08-06,1299.0,1240.0,792420,4.76,273868.0,185428.4,213074.42857142858,193892.6,"2D, 5D, 7D, 10D"
BDL,2026-08-13,1375.5,1340.0,1700294,2.65,330494.5,409667.6,370867.71428571426,297548.0,"2D, 5D, 7D, 10D"
BDL,2026-08-14,1398.0,1375.5,1628249,1.64,1079031.0,591242.4,593820.2857142857,452920.3,"5D, 7D, 10D"
BEL,2026-07-28,389.0,407.15,18793332,-4.46,4470101.5,4211236.4,3948453.4285714286,4175184.1,"2D, 5D, 7D, 10D"
BEL,2026-07-29,387.55,389.0,20582382,-0.37,12257434.5,7457846.0,6130199.0,5480402.3,"5D, 7D, 10D"
BHARATFORG,2026-07-17,2190.5,2104.7,788286,4.08,429235.5,324698.4,331508.0,,"5D, 7D"
BHARATFORG,2026-08-10,2093.1,2265.2,1514495,-7.6,521306.0,420416.2,391511.85714285716,388997.3,"2D, 5D, 7D, 10D"
BHARATFORG,2026-08-11,2051.0,2093.1,1855844,-2.01,1049384.0,666103.6,588598.7142857143,501447.2,"5D, 7D, 10D"
BHARTIARTL,2026-08-05,1978.0,1970.1,8668563,0.4,2644009.0,3592877.4,3777038.5714285714,3851077.5,"2D, 5D, 7D, 10D"
BHARTIARTL,2026-08-12,1945.0,1915.2,7634519,1.56,3384000.5,4074866.4,3666050.0,3833871.9,"2D, 7D"
BHEL,2026-07-17,422.0,435.4,16334516,-3.08,10852805.0,7877778.2,6980569.142857143,,"5D, 7D"
BHEL,2026-08-12,420.0,403.0,5658202,4.22,1873803.0,2388483.2,2402217.4285714286,2564052.5,"2D, 5D, 7D, 10D"
BHEL,2026-08-13,420.0,420.0,7797264,0.0,3928381.0,2977404.2,2855264.285714286,2806299.3,"5D, 7D, 10D"
BIOCON,2026-07-14,437.3,410.95,8270178,6.41,2520195.0,2054121.4,,,"2D, 5D"
BLUESTARCO,2026-07-14,1746.2,1716.1,385356,1.75,212718.0,155021.2,,,5D
BLUESTARCO,2026-07-17,1686.9,1741.7,191386,-3.15,81785.0,194872.4,171422.42857142858,,2D
BLUESTARCO,2026-08-03,1729.2,1681.2,194360,2.86,91752.0,87733.2,90932.42857142857,83055.0,"2D, 5D, 7D, 10D"
BLUESTARCO,2026-08-04,1685.0,1729.2,504003,-2.56,131053.5,115060.2,105453.28571428571,94205.1,"2D, 5D, 7D, 10D"
BLUESTARCO,2026-08-06,1571.0,1665.0,1001767,-5.65,318146.5,202831.4,173084.85714285713,146718.0,"2D, 5D, 7D, 10D"
BLUESTARCO,2026-08-07,1514.0,1571.0,795304,-3.63,567028.5,380033.4,296950.14285714284,237623.3,"5D, 7D, 10D"
BLUESTARCO,2026-08-17,1508.1,1508.0,252191,0.01,111497.5,268148.2,448258.85714285716,396846.5,2D
BOSCHLTD,2026-07-23,42240.0,41560.0,13641,1.64,4683.0,8042.8,7532.285714285715,7924.9,2D
BOSCHLTD,2026-08-05,42920.0,41200.0,27407,4.17,5620.5,10311.2,10623.285714285714,10174.0,"2D, 5D, 7D, 10D"
BOSCHLTD,2026-08-11,45185.0,43505.0,31847,3.86,13161.0,13927.6,12305.42857142857,12856.2,"2D, 5D, 7D, 10D"
BOSCHLTD,2026-08-18,48730.0,46970.0,36627,3.75,13378.0,20222.6,18205.0,17075.1,"2D, 7D, 10D"
BPCL,2026-07-08,303.55,313.95,8582226,-3.31,2329931.0,,,,2D
BPCL,2026-07-14,305.35,307.55,5395921,-0.72,2431026.5,3875422.8,,,2D
BPCL,2026-08-12,317.0,317.8,4070876,-0.25,1628401.0,1981324.4,2231801.285714286,2539895.2,"2D, 5D"
BPCL,2026-08-14,319.45,315.0,5057916,1.41,3377732.5,2615523.6,2380298.1428571427,2536922.3,7D
BRITANNIA,2026-07-14,5283.5,5348.5,181923,-1.22,83135.0,92667.6,,,2D
BRITANNIA,2026-08-07,5510.0,5404.0,478592,1.96,224610.5,195050.4,186301.2857142857,169809.3,"2D, 5D, 7D, 10D"
BRITANNIA,2026-08-21,5365.0,5548.0,343535,-3.3,118623.5,129047.6,130987.71428571429,175033.8,"2D, 5D, 7D"
BSE,2026-07-17,3581.8,3685.0,1996333,-2.8,870601.0,877364.4,937112.0,,"2D, 5D, 7D"
BSE,2026-08-03,3575.0,3646.2,2061286,-1.95,897305.0,925646.6,808677.7142857143,746246.8,"2D, 5D, 7D, 10D"
BSE,2026-08-05,3534.6,3618.0,2728635,-2.31,1535973.0,1123974.6,1100025.5714285714,918064.0,"5D, 7D, 10D"
BSE,2026-08-17,3332.0,3447.0,3005466,-3.34,1406039.5,1810620.8,1727496.2857142857,1789305.5,2D
BSE,2026-08-21,3241.0,3291.1,3742175,-1.52,1862633.5,1989870.2,1896422.857142857,1908277.5,2D
CAMS,2026-08-04,809.4,791.0,1278548,2.33,513348.0,398941.8,425780.14285714284,472679.6,"2D, 5D, 7D, 10D"
CANBK,2026-07-08,121.15,125.03,17934423,-3.1,7138861.0,,,,2D
CANBK,2026-07-20,128.82,125.01,21931349,3.05,7777953.0,9009892.8,11202827.57142857,11063193.8,"2D, 5D"
CANBK,2026-07-24,125.65,125.22,19828955,0.34,5703355.5,10786505.6,10074555.57142857,10809750.3,2D
CDSL,2026-07-10,1431.9,1346.5,3861959,6.34,638779.5,,,,2D
CDSL,2026-08-03,1322.2,1333.0,1285749,-0.81,281604.0,319107.0,314927.4285714286,382199.0,"2D, 5D, 7D, 10D"
CDSL,2026-08-21,1388.9,1345.9,1279897,3.19,351337.5,310379.4,319495.71428571426,315811.4,"2D, 5D, 7D, 10D"
CGPOWER,2026-07-24,867.7,883.8,2952325,-1.82,1428901.5,1353406.6,1414868.857142857,1343381.4,"2D, 5D, 7D, 10D"
CGPOWER,2026-07-28,844.1,877.3,3886356,-3.78,2735088.5,1984425.2,1748172.857142857,1656952.4,"7D, 10D"
CGPOWER,2026-08-19,863.05,894.2,1767581,-3.48,851999.0,790042.4,725327.7142857143,760034.9,"2D, 5D, 7D, 10D"
CHOLAFIN,2026-07-28,1753.0,1785.2,1508116,-1.8,1121351.0,895062.0,778164.4285714285,727614.9,10D
CHOLAFIN,2026-08-06,1940.0,1880.0,1528641,3.19,699052.0,970683.4,1088821.5714285714,1070237.9,2D
CIPLA,2026-07-22,1415.1,1432.5,1011152,-1.21,689145.0,508503.0,502924.0,490252.6,"7D, 10D"
CIPLA,2026-07-23,1393.0,1415.1,1418712,-1.56,883031.0,609572.2,572161.4285714285,538548.5,"5D, 7D, 10D"
CIPLA,2026-08-21,1432.2,1438.0,373862,-0.4,178290.5,320312.0,331451.0,382475.4,2D
COALINDIA,2026-07-10,429.3,429.9,2882384,-0.14,1300840.5,,,,2D
COALINDIA,2026-07-28,410.15,427.5,6961527,-4.06,3020263.5,3152761.0,3088692.285714286,3032220.1,"2D, 5D, 7D, 10D"
COALINDIA,2026-07-30,417.2,410.05,15559147,1.74,6660448.0,4613520.2,4154957.285714286,3754166.8,"2D, 5D, 7D, 10D"
COALINDIA,2026-08-11,412.6,411.0,7553442,0.39,3213633.5,3137428.2,3300716.5714285714,5198505.9,"2D, 5D, 7D"
COALINDIA,2026-08-21,405.2,402.5,7723870,0.67,3355649.0,3624212.4,3433262.285714286,3801354.5,"2D, 5D, 7D, 10D"
COCHINSHIP,2026-07-08,1404.1,1445.7,3073284,-2.88,1124925.5,,,,2D
COCHINSHIP,2026-07-22,1367.7,1405.3,610781,-2.68,196818.0,216512.0,303561.0,682954.9,"2D, 5D, 7D"
COCHINSHIP,2026-08-06,1490.0,1425.0,1058515,4.56,277058.5,375326.0,375730.5714285714,347548.7,"2D, 5D, 7D, 10D"
COCHINSHIP,2026-08-07,1519.7,1490.0,864858,1.99,627019.0,525581.6,471193.4285714286,418600.1,10D
COFORGE,2026-07-13,1540.9,1503.8,2192436,2.47,844903.5,1054762.8,,,"2D, 5D"
COFORGE,2026-07-24,1484.7,1439.9,1909536,3.11,456974.5,697963.6,840813.0,1034389.7,"2D, 5D, 7D"
COFORGE,2026-07-27,1528.4,1484.7,2181894,2.94,1164854.5,802587.0,895260.1428571428,1101634.1,"5D, 7D"
COFORGE,2026-07-28,1686.0,1528.4,4981103,10.31,2045715.0,1136485.4,1083035.4285714286,1100579.9,"2D, 5D, 7D, 10D"
COFORGE,2026-08-20,1882.0,1813.1,1982917,3.8,839568.0,813256.4,800111.2857142857,889404.1,"2D, 5D, 7D, 10D"
COLPAL,2026-07-17,2042.4,2001.1,221020,2.06,98598.0,90448.4,99309.85714285714,,"2D, 5D, 7D"
COLPAL,2026-07-20,2113.1,2042.4,241001,3.46,173474.0,120888.6,117744.57142857143,127215.0,7D
COLPAL,2026-07-27,2136.6,2086.1,158412,2.42,78921.5,131384.4,143410.0,126136.5,2D
COLPAL,2026-07-29,2166.4,2138.1,405134,1.32,150276.5,114905.6,136782.14285714287,137569.1,"2D, 5D, 7D, 10D"
COLPAL,2026-08-18,1903.0,1964.0,217439,-3.11,63778.0,127572.2,124051.28571428571,145607.6,2D
COLPAL,2026-08-19,1879.6,1903.0,304786,-1.23,134468.5,140585.2,140790.7142857143,138457.9,"2D, 5D, 7D, 10D"
CONCOR,2026-07-10,463.75,457.1,1736154,1.45,508897.0,,,,2D
CONCOR,2026-07-13,463.95,463.75,1762353,0.04,973820.5,858471.6,,,5D
CONCOR,2026-07-14,493.15,463.95,4370519,6.29,1749253.5,979287.8,,,"2D, 5D"
CONCOR,2026-07-20,499.0,486.9,850207,2.49,309896.0,1521423.0,1364965.142857143,1189947.3,2D
CONCOR,2026-07-27,510.5,477.55,4259417,6.9,291300.0,460477.0,417453.85714285716,990950.0,"2D, 5D, 7D, 10D"
CONCOR,2026-07-28,522.4,510.5,3524368,2.33,2226471.5,1142319.0,960999.4285714285,1240656.4,"5D, 7D, 10D"
CONCOR,2026-08-10,501.9,505.2,1568949,-0.65,430410.5,697839.8,679623.5714285715,1334134.4,"2D, 5D, 7D"
CONCOR,2026-08-13,533.65,512.05,2086659,4.22,770784.5,794267.8,804086.1428571428,786788.3,"2D, 5D, 7D, 10D"
CROMPTON,2026-07-13,261.8,261.7,2588932,0.04,1121150.0,871710.2,,,"2D, 5D"
CROMPTON,2026-08-07,249.95,270.0,8519067,-7.43,904952.0,1027718.2,1146517.4285714286,1190638.8,"2D, 5D, 7D, 10D"
CROMPTON,2026-08-19,245.5,244.8,1085016,0.29,433062.0,543494.0,681138.2857142857,1509693.9,2D
CROMPTON,2026-08-20,252.0,245.5,1793829,2.65,798773.0,623220.4,636976.0,1543512.5,"2D, 5D, 7D"
CROMPTON,2026-08-21,252.0,252.0,7423712,0.0,1439422.5,873210.8,799473.5714285715,1616588.0,"2D, 5D, 7D, 10D"
CUMMINSIND,2026-08-05,5440.0,5550.0,246678,-1.98,112630.5,166824.8,201797.2857142857,192051.9,2D
CUMMINSIND,2026-08-06,5402.0,5440.0,940222,-0.7,198176.5,166146.4,202110.7142857143,198403.9,"2D, 5D, 7D, 10D"
CUMMINSIND,2026-08-11,5378.5,5448.0,259584,-1.28,117641.5,314371.6,264707.0,259028.0,2D
CUMMINSIND,2026-08-21,5107.5,5205.0,493598,-1.87,178065.0,190853.2,229766.14285714287,210323.0,"2D, 5D, 7D, 10D"
DABUR,2026-07-23,423.15,426.5,1537751,-0.79,418167.5,675685.8,657502.8571428572,669809.6,"2D, 5D, 7D, 10D"
DABUR,2026-07-28,424.6,427.35,2141850,-0.64,376377.0,625368.0,675728.8571428572,689302.5,"2D, 5D, 7D, 10D"
DABUR,2026-08-04,409.65,425.8,3220629,-3.79,1234798.5,1342202.6,1066252.4285714286,983785.3,"2D, 5D, 7D, 10D"
DALBHARAT,2026-07-15,1824.7,1761.7,282496,3.58,68425.0,103333.2,101742.71428571429,,"2D, 5D, 7D"
DALBHARAT,2026-07-24,1810.8,1854.7,480536,-2.37,120535.5,134123.6,149302.2857142857,127507.9,"2D, 5D, 7D, 10D"
DALBHARAT,2026-08-17,1844.0,1842.0,74565,0.11,29156.5,39156.6,46249.71428571428,49104.5,2D
DALBHARAT,2026-08-18,1837.1,1844.0,131766,-0.37,56152.5,41430.4,46180.142857142855,49937.3,"2D, 5D, 7D, 10D"
DALBHARAT,2026-08-19,1875.0,1837.1,172986,2.06,103165.5,61854.4,57444.857142857145,57478.4,"5D, 7D, 10D"
DALBHARAT,2026-08-20,1897.0,1875.0,272209,1.17,152376.0,87526.0,73129.14285714286,70306.5,"5D, 7D, 10D"
DALBHARAT,2026-08-21,1880.0,1897.0,217988,-0.9,222597.5,137853.2,107781.0,90022.2,"7D, 10D"
DELHIVERY,2026-07-10,520.3,515.65,9405977,0.9,3193394.5,,,,2D
DELHIVERY,2026-07-28,472.2,470.0,3156859,0.47,1281324.5,1587147.2,2028674.7142857143,2021303.2,2D
DELHIVERY,2026-08-07,473.3,463.6,2636039,2.09,1190783.0,1395184.0,1556735.142857143,1661665.4,2D
DELHIVERY,2026-08-10,478.35,473.3,5709419,1.07,1810359.0,1415703.2,1575135.142857143,1827470.4,"2D, 5D, 7D, 10D"
DELHIVERY,2026-08-12,470.25,473.45,4260372,-0.68,3655873.0,2465870.2,2055751.7142857143,2084493.1,"7D, 10D"
DIVISLAB,2026-07-14,7188.5,6938.5,435957,3.6,141159.5,184700.8,,,"2D, 5D"
DIVISLAB,2026-07-29,7784.5,7425.0,695323,4.84,254506.0,211470.8,196864.42857142858,241516.7,"2D, 5D, 7D, 10D"
DIVISLAB,2026-08-03,8585.0,8056.0,573969,6.57,396263.0,399372.2,334314.4285714286,286590.0,10D
DIXON,2026-07-10,13421.0,13477.0,591632,-0.42,191201.5,,,,2D
DIXON,2026-07-16,14507.0,13651.0,911542,6.27,119911.5,246739.6,240222.42857142858,,"2D, 5D, 7D"
DIXON,2026-07-29,14275.0,13903.0,161317,2.68,55033.0,66462.0,90889.14285714286,200784.3,"2D, 5D"
DIXON,2026-07-31,14049.0,14338.0,249953,-2.02,151113.0,97687.4,90648.0,127924.6,"5D, 7D"
DIXON,2026-08-12,13800.0,14023.0,158872,-1.59,78744.0,85974.8,99732.0,125030.3,2D
DIXON,2026-08-13,14035.0,13800.0,194281,1.7,100302.0,89062.8,95721.71428571429,124785.8,"5D, 7D"
DIXON,2026-08-20,14850.0,14462.0,253434,2.68,166876.5,135761.4,125630.14285714286,112412.1,"7D, 10D"
DIXON,2026-08-21,14850.0,14850.0,282605,0.0,226147.0,147592.0,155873.2857142857,130912.7,10D
DLF,2026-07-10,685.75,659.6,5170874,3.96,2164780.5,,,,2D
DLF,2026-07-28,663.05,650.9,3289372,1.87,920765.5,1109836.4,1566995.2857142857,1952449.4,"2D, 5D, 7D"
DLF,2026-08-04,643.4,668.55,3504060,-3.76,573057.5,1506177.0,1338916.5714285714,1308006.7,"2D, 5D, 7D, 10D"
DLF,2026-08-18,665.75,671.0,2621601,-0.78,792970.5,1078395.8,1048523.1428571428,1481118.5,"2D, 5D, 7D"
DMART,2026-07-10,4081.1,4079.4,494305,0.04,179548.5,,,,2D
DMART,2026-07-13,3994.1,4081.1,1190115,-2.13,369540.5,295694.4,,,"2D, 5D"
DMART,2026-07-28,3846.6,4027.7,872333,-4.5,162873.0,195892.2,189279.2857142857,200822.8,"2D, 5D, 7D, 10D"
DRREDDY,2026-07-09,1269.5,1349.0,3290794,-5.89,566389.0,,,,2D
DRREDDY,2026-07-10,1244.3,1269.5,4361177,-1.99,1929962.0,,,,2D
DRREDDY,2026-07-23,1166.3,1182.8,2398887,-1.39,1200789.0,1252280.2,1193862.0,1725265.1,7D
DRREDDY,2026-08-11,1205.0,1158.8,2189612,3.99,948859.5,1013148.8,963391.7142857143,925728.1,"2D, 5D, 7D, 10D"
EICHERMOT,2026-07-08,7418.5,7536.0,484900,-1.56,234844.5,,,,2D
EICHERMOT,2026-07-30,7912.5,7779.0,554753,1.72,287149.0,243241.6,239822.7142857143,240787.3,"5D, 7D, 10D"
EICHERMOT,2026-08-03,8050.0,7833.5,586823,2.76,506394.5,354471.8,318428.14285714284,283880.1,10D
ETERNAL,2026-07-14,286.15,285.2,27525205,0.33,10461741.5,21566791.6,,,2D
ETERNAL,2026-07-22,284.4,286.6,27081689,-0.77,11076322.5,14634219.8,15419901.57142857,17887929.4,2D
ETERNAL,2026-07-28,308.35,295.85,34709622,4.23,17979975.5,19283785.6,16313505.714285715,18496261.0,7D
ETERNAL,2026-08-20,327.95,320.0,23516429,2.48,12997809.5,13260614.4,12200831.42857143,11184931.6,10D
FEDERALBNK,2026-07-16,326.6,327.55,6288466,-0.29,1835279.5,2138645.8,2242086.5714285714,,"2D, 5D, 7D"
FEDERALBNK,2026-07-17,349.0,326.6,9652330,6.86,3919116.0,3028174.6,2793801.5714285714,,"2D, 5D, 7D"
FEDERALBNK,2026-07-27,356.5,354.3,4583960,0.62,2186426.5,2785655.6,4267010.571428572,3533473.3,2D
FORCEMOT,2026-07-08,17864.0,18779.0,44823,-4.87,16496.5,,,,2D
FORCEMOT,2026-07-21,17676.0,17910.0,42366,-1.31,16791.0,26848.2,25585.571428571428,25993.0,2D
FORCEMOT,2026-07-30,17618.0,17334.0,46343,1.64,19055.5,25737.8,28447.85714285714,26443.7,2D
FORCEMOT,2026-08-12,19269.0,18330.0,72436,5.12,14276.5,19133.8,21301.85714285714,26438.9,"2D, 5D, 7D, 10D"
FORCEMOT,2026-08-18,18200.0,18605.0,31022,-2.18,15442.0,31979.4,27203.428571428572,25972.9,2D
FORTIS,2026-07-27,942.3,948.7,811302,-0.67,385012.0,376133.2,376612.5714285714,463653.5,"2D, 5D, 7D"
FORTIS,2026-08-03,940.0,945.0,1138933,-0.53,286799.5,502312.4,468798.0,439222.8,"2D, 5D, 7D, 10D"
FORTIS,2026-08-05,925.0,932.8,1168425,-0.84,995999.0,641091.0,643365.7142857143,564973.1,10D
FORTIS,2026-08-07,955.15,920.0,1591827,3.82,839040.5,814365.6,697648.0,644017.6,"7D, 10D"
FORTIS,2026-08-12,900.0,935.2,2082909,-3.76,1008193.5,1057259.0,1039756.1428571428,849175.0,"2D, 7D, 10D"
FORTIS,2026-08-19,911.3,916.7,1498057,-0.59,624963.5,961000.4,974484.1428571428,1009129.7,2D
GAIL,2026-07-08,169.24,174.01,6101367,-2.74,2516127.5,,,,2D
GAIL,2026-07-14,171.51,173.12,2900801,-0.93,1406097.5,3708183.4,,,2D
GAIL,2026-07-17,171.2,171.71,6600453,-0.3,3990581.0,2738831.6,3668073.285714286,,5D
GAIL,2026-07-22,173.01,173.99,6386812,-0.56,2422028.5,3885134.4,3382451.1428571427,3712102.3,2D
GAIL,2026-07-27,174.23,170.02,6941348,2.48,2952466.0,3427160.2,4140565.714285714,3596890.2,"2D, 5D"
GAIL,2026-07-28,175.15,174.23,10206811,0.53,5064812.0,4303165.4,4382514.571428572,4155956.5,"2D, 5D, 7D, 10D"
GAIL,2026-07-31,181.44,173.64,13957242,4.49,4594583.5,5905120.4,5518438.571428572,5007358.0,"2D, 5D, 7D, 10D"
GAIL,2026-08-03,174.3,181.44,15173148,-3.94,8683121.5,8058913.6,6599928.571428572,5743036.9,"7D, 10D"
GAIL,2026-08-11,175.34,172.5,11278835,1.65,3945780.5,7006682.0,9166257.142857144,8355977.8,2D
GLENMARK,2026-07-20,2239.5,2235.5,586534,0.18,103162.0,223809.8,231081.2857142857,241858.6,"2D, 5D, 7D, 10D"
GLENMARK,2026-08-03,2230.0,2233.9,412334,-0.17,180161.5,260242.0,271112.85714285716,305930.8,2D
GLENMARK,2026-08-14,2318.4,2320.0,329078,-0.07,166464.0,145092.4,156135.0,185941.1,"5D, 7D"
GMRAIRPORT,2026-08-11,105.11,106.3,6846659,-1.12,3084254.0,3719613.4,4407836.142857143,4686996.6,2D
GMRAIRPORT,2026-08-12,104.55,105.11,11550905,-0.53,4549859.0,4384002.2,4094134.0,4795616.2,"2D, 5D, 7D, 10D"
GODFRYPHLP,2026-07-16,2121.6,2085.0,108881,1.76,36452.5,45092.6,52953.28571428572,,"2D, 5D, 7D"
GODFRYPHLP,2026-07-27,2210.5,2129.6,425237,3.8,90780.0,76877.6,76027.0,67083.3,"2D, 5D, 7D, 10D"
GODFRYPHLP,2026-07-28,2031.3,2210.5,651677,-8.11,266483.5,150490.2,121220.71428571429,103033.1,"2D, 5D, 7D, 10D"
GODFRYPHLP,2026-08-03,2247.0,2133.4,450963,5.32,167841.0,319620.0,254237.14285714287,198248.8,"2D, 10D"
GODREJCP,2026-07-13,1068.7,1088.4,300166,-1.81,130124.0,468533.0,,,2D
GODREJCP,2026-07-31,1070.4,1072.1,457506,-0.16,297552.0,234517.4,230063.42857142858,208327.0,10D
GODREJCP,2026-08-05,1069.0,1058.2,788792,1.02,322709.0,339605.6,293759.85714285716,271336.8,"2D, 5D, 7D, 10D"
GODREJCP,2026-08-07,1050.0,1077.3,751202,-2.53,515950.5,426965.0,389989.85714285716,330741.2,10D
GODREJCP,2026-08-12,910.0,1025.0,12452111,-11.22,578454.0,588002.2,512204.14285714284,463803.9,"2D, 5D, 7D, 10D"
GODREJCP,2026-08-13,936.9,910.0,3494562,2.96,6438398.0,2920666.0,2246532.1428571427,1687548.2,10D
GODREJPROP,2026-07-13,2162.6,2133.0,755951,1.39,319079.5,495968.2,,,2D
GODREJPROP,2026-07-17,2102.1,2090.3,424854,0.56,190685.0,396498.2,375195.71428571426,,2D
GODREJPROP,2026-08-05,2099.0,2033.6,526747,3.22,207137.5,263112.4,295907.14285714284,317121.0,"2D, 5D"
GODREJPROP,2026-08-17,2054.0,1990.0,400319,3.22,199479.5,210269.6,196958.42857142858,231973.1,"2D, 7D"
GRASIM,2026-08-07,3323.0,3220.0,486501,3.2,252026.0,249072.4,226046.7142857143,219060.5,"7D, 10D"
GRASIM,2026-08-10,3380.5,3323.0,1620979,1.73,338262.5,311108.4,271801.28571428574,247862.4,"2D, 5D, 7D, 10D"
GRASIM,2026-08-17,3250.5,3248.7,820222,0.06,301752.0,680189.4,582496.0,495648.9,2D
GVT&D,2026-07-23,4328.5,4481.5,689463,-3.41,269742.5,321600.2,327391.71428571426,316938.2,"2D, 5D, 7D, 10D"
GVT&D,2026-07-24,4157.4,4328.5,815920,-3.95,459959.5,389518.6,354616.14285714284,359381.6,"5D, 7D, 10D"
GVT&D,2026-08-06,4366.7,4410.0,1020873,-0.98,376567.5,442414.8,568595.5714285715,613685.6,"2D, 5D"
GVT&D,2026-08-19,4100.0,4195.0,530177,-2.26,251966.5,405014.6,447624.5714285714,491291.8,2D
HAL,2026-07-08,4364.7,4400.3,571520,-0.81,201909.5,,,,2D
HAL,2026-08-06,4920.0,4645.0,2200890,5.92,367661.0,319336.0,290590.4285714286,289275.4,"2D, 5D, 7D, 10D"
HAL,2026-08-12,4995.0,4909.0,959835,1.75,242136.5,709159.0,580668.7142857143,493531.5,2D
HAVELLS,2026-07-08,1207.8,1225.0,1340831,-1.4,405587.5,,,,2D
HAVELLS,2026-07-30,1261.7,1237.0,799576,2.0,371098.5,448649.8,499178.14285714284,628096.2,2D
HCLTECH,2026-07-13,1221.2,1164.1,3641941,4.91,1289710.5,1531727.2,,,"2D, 5D"
HCLTECH,2026-08-18,1298.0,1325.0,1928909,-2.04,554944.5,630433.2,660030.8571428572,1084192.7,"2D, 5D, 7D"
HDFCAMC,2026-07-09,2737.1,2659.2,991582,2.93,303190.5,,,,2D
HDFCAMC,2026-07-16,2602.2,2729.2,1440868,-4.65,748096.5,698088.0,585260.1428571428,,"5D, 7D"
HDFCAMC,2026-07-31,2615.8,2546.3,452506,2.73,204658.5,285106.8,326249.85714285716,408793.1,2D
HDFCAMC,2026-08-04,2556.0,2600.6,709495,-1.71,352067.0,282298.2,304238.28571428574,371218.9,"2D, 5D, 7D"
HDFCAMC,2026-08-11,2515.0,2560.0,635038,-1.76,181301.5,334660.2,339633.5714285714,308479.2,"2D, 10D"
HDFCAMC,2026-08-14,2485.0,2499.5,1163641,-0.58,564150.5,425188.4,389592.14285714284,414077.4,"2D, 5D, 7D, 10D"
HDFCBANK,2026-07-20,777.6,819.6,34725639,-5.12,10678210.0,11816546.4,13995938.57142857,20193254.0,"2D, 5D, 7D"
HDFCBANK,2026-08-05,735.0,742.0,42940980,-0.94,14404874.0,16481193.6,17949342.714285713,17782259.2,"2D, 5D, 7D, 10D"
HDFCLIFE,2026-07-09,551.85,555.7,5797590,-0.69,1609084.5,,,,2D
HDFCLIFE,2026-07-30,545.4,556.7,3097507,-2.03,746799.5,816052.6,883337.8571428572,1186672.4,"2D, 5D, 7D, 10D"
HDFCLIFE,2026-07-31,548.5,545.4,7889343,0.57,1813121.5,1170547.0,1152734.7142857143,1208559.4,"2D, 5D, 7D, 10D"
HDFCLIFE,2026-08-04,535.95,553.1,5279991,-3.1,4748602.0,2817662.0,2192848.4285714286,1877807.6,"7D, 10D"
HDFCLIFE,2026-08-05,545.0,535.95,5364675,1.69,3443926.0,3680687.6,2867234.5714285714,2284633.8,10D
HDFCLIFE,2026-08-17,543.0,535.85,1733823,1.33,687551.0,1525719.6,1453307.0,2242567.6,2D
HEROMOTOCO,2026-07-23,5173.8,4987.1,749539,3.74,333672.0,241834.8,275556.14285714284,289782.8,"2D, 5D, 7D, 10D"
HINDPETRO,2026-07-08,386.85,405.95,10304704,-4.71,2127059.0,,,,2D
HINDPETRO,2026-07-13,391.6,395.3,4024873,-0.94,1571385.5,3540318.6,,,2D
HINDPETRO,2026-07-23,385.15,395.2,7921281,-2.54,2236938.5,2783569.8,2965934.714285714,2792918.7,"2D, 5D, 7D, 10D"
HINDUNILVR,2026-07-24,2145.0,2161.8,1010034,-0.78,461456.5,470853.2,696367.4285714285,849860.8,"2D, 5D"
HINDUNILVR,2026-07-28,2022.7,2174.6,5235302,-6.99,702982.0,594839.8,537175.7142857143,778621.5,"2D, 5D, 7D, 10D"
HINDUNILVR,2026-07-29,2117.8,2022.7,2685428,4.7,2815616.0,1512835.8,1229957.0,1151583.8,"7D, 10D"
HINDZINC,2026-08-05,596.95,562.9,6240510,6.05,1830129.0,1831935.4,1748140.7142857143,1566788.4,"2D, 5D, 7D, 10D"
HINDZINC,2026-08-21,594.9,573.9,4414701,3.66,2105030.0,1727860.6,1883032.142857143,2028540.1,"2D, 5D, 7D, 10D"
HYUNDAI,2026-07-15,2002.9,1959.7,472509,2.2,176213.5,268388.4,276143.85714285716,,2D
HYUNDAI,2026-07-16,2025.0,2002.9,574481,1.1,319112.0,251115.4,299706.85714285716,,5D
HYUNDAI,2026-07-24,1952.6,1954.4,544135,-0.09,180581.0,291095.8,357495.5714285714,299801.0,2D
HYUNDAI,2026-07-31,2180.7,2018.2,1211205,8.05,234848.5,294193.8,261733.0,292644.8,"2D, 5D, 7D, 10D"
HYUNDAI,2026-08-03,2207.0,2180.7,781849,1.21,769594.0,427607.8,419846.0,376522.7,10D
ICICIBANK,2026-07-20,1460.2,1444.3,13622393,1.1,6176113.5,6955332.0,6528015.714285715,7005024.6,"2D, 7D"
ICICIGI,2026-07-08,1804.2,1794.3,440381,0.55,191341.5,,,,2D
ICICIGI,2026-07-13,1787.3,1826.2,723590,-2.13,246634.0,263266.4,,,"2D, 5D"
ICICIGI,2026-07-16,1623.8,1814.6,5797850,-10.51,538006.0,458574.0,424218.0,,"2D, 5D, 7D"
ICICIGI,2026-07-22,1583.5,1624.0,800851,-2.49,276656.5,1810539.2,1500598.142857143,1143783.6,2D
ICICIGI,2026-08-05,1684.0,1644.8,1377760,2.38,409482.5,342810.8,336985.28571428574,481496.7,"2D, 5D, 7D, 10D"
ICICIGI,2026-08-06,1658.0,1684.0,1331664,-1.54,818850.5,551738.8,472528.14285714284,539187.6,"5D, 7D, 10D"
ICICIGI,2026-08-21,1617.0,1625.0,650041,-0.49,289868.0,303832.4,324983.0,319184.5,"2D, 5D, 7D, 10D"
ICICIPRULI,2026-07-10,510.35,490.7,1753784,4.0,625734.0,,,,2D
ICICIPRULI,2026-07-15,525.15,503.95,2364880,4.21,756384.0,903604.0,802925.4285714285,,"2D, 5D, 7D"
ICICIPRULI,2026-07-22,499.5,500.5,2152178,-0.2,531399.5,1345411.0,1177117.5714285714,1124507.5,2D
ICICIPRULI,2026-07-30,510.6,511.65,843195,-0.21,323555.0,629655.6,835376.1428571428,966263.1,2D
ICICIPRULI,2026-08-03,522.35,515.4,1415475,1.35,716210.5,655664.8,654385.5714285715,779567.6,"5D, 7D"
ICICIPRULI,2026-08-04,513.55,522.35,3523536,-1.68,1002350.5,699001.2,724781.0,869552.9,"2D, 5D, 7D, 10D"
ICICIPRULI,2026-08-06,507.0,516.55,2047492,-1.85,2082082.5,1402412.2,1094167.2857142857,1016033.9,10D
ICICIPRULI,2026-08-17,507.0,509.15,1104736,-0.42,500870.5,667258.8,845238.5714285715,1149631.0,2D
ICICIPRULI,2026-08-21,515.0,502.0,876432,2.59,373469.5,596837.4,617392.4285714285,644634.9,2D
IDEA,2026-08-10,12.92,12.73,125589840,1.49,60874401.0,56630500.6,62442985.428571425,65103476.0,"2D, 5D, 7D"
IDEA,2026-08-11,12.89,12.92,149351996,-0.23,84715470.5,70463965.0,69965352.28571428,72930912.6,"5D, 7D, 10D"
IDEA,2026-08-12,13.5,12.89,196303808,4.73,137470918.0,88553326.4,79727762.71428572,80320050.8,"5D, 7D, 10D"
IDEA,2026-08-14,14.11,13.51,199493804,4.44,164455588.5,129538822.8,110239687.0,96802063.9,10D
IDFCFIRSTB,2026-07-20,81.78,80.35,12923620,1.78,6784633.0,6528856.2,6339636.285714285,7144015.2,7D
IDFCFIRSTB,2026-07-27,84.88,80.79,61724504,5.06,6461223.5,8815539.4,8235280.428571428,7672197.8,"2D, 5D, 7D, 10D"
IEX,2026-07-08,116.81,122.46,5544150,-4.61,1059652.5,,,,2D
IEX,2026-07-16,124.74,118.89,8472362,4.92,2032577.5,2879937.6,3009500.5714285714,,"2D, 5D, 7D"
IEX,2026-07-24,124.26,121.94,2938659,1.9,1129978.5,1923909.4,2831009.0,2802491.2,2D
IEX,2026-07-27,126.77,124.26,5679723,2.02,2147308.5,2069657.8,3004366.8571428573,2670877.5,"2D, 5D, 10D"
IEX,2026-07-28,132.11,126.77,6714889,4.21,4309191.0,2410487.4,2605418.4285714286,3077544.6,"5D, 7D, 10D"
IEX,2026-08-19,123.0,124.4,1816521,-1.13,882072.0,808090.4,829972.2857142857,934718.5,"2D, 5D, 7D"
INDHOTEL,2026-07-16,731.45,743.2,2898200,-1.58,865213.5,1227440.2,1346650.0,,"2D, 5D, 7D"
INDIANB,2026-07-20,858.5,832.4,2511393,3.14,1312516.5,1136850.4,1395244.4285714286,1657936.1,5D
INDIANB,2026-07-31,836.5,827.25,797862,1.12,369875.0,515007.6,605688.1428571428,939950.1,2D
INDIANB,2026-08-06,877.9,854.0,1130284,2.8,559282.5,581904.8,576157.5714285715,595808.6,2D
INDIANB,2026-08-07,889.5,877.9,1740883,1.32,927610.0,726278.4,624448.8571428572,620643.0,"5D, 7D, 10D"
INDIGO,2026-07-08,5124.0,5395.0,1069561,-5.02,226202.0,,,,2D
INDIGO,2026-07-14,5108.0,5229.5,838508,-2.32,204166.5,483642.4,,,2D
INDIGO,2026-07-24,4985.0,5023.5,1574096,-0.77,810282.0,647560.4,615841.0,555772.8,"5D, 7D, 10D"
INDIGO,2026-08-18,5220.0,5275.5,293704,-1.05,130865.0,131767.2,148824.57142857142,208936.1,"2D, 5D"
INDIGO,2026-08-21,5110.0,5165.0,652293,-1.06,189749.0,186986.4,162058.2857142857,171497.4,"2D, 5D, 7D, 10D"
INDUSINDBK,2026-07-15,1009.7,997.35,686087,1.24,337789.0,836701.8,1408229.2857142857,,2D
INDUSINDBK,2026-07-17,1027.2,1013.5,1231386,1.35,496243.0,418015.0,739427.8571428572,,"2D, 5D"
INDUSINDBK,2026-07-21,1063.45,1032.85,2310161,2.96,1008987.0,665558.0,586864.1428571428,1064305.0,"2D, 5D, 7D, 10D"
INDUSINDBK,2026-07-22,1069.3,1063.45,2625590,0.55,1548374.5,1064124.2,856599.8571428572,950413.0,"5D, 7D, 10D"
INDUSINDBK,2026-07-23,1005.5,1069.3,2687005,-5.97,2467875.5,1452024.8,1180505.857142857,1009411.0,"7D, 10D"
INDUSINDBK,2026-07-31,1012.45,1011.45,1878781,0.1,564133.5,706676.8,1263711.2857142857,1317411.4,"2D, 5D"
INDUSTOWER,2026-07-23,390.25,394.85,1962417,-1.16,784805.5,1669802.2,2064291.142857143,2736782.6,2D
INDUSTOWER,2026-08-10,368.0,386.0,5318250,-4.66,3058688.0,2286298.4,2543964.4285714286,2424729.9,"5D, 7D, 10D"
INDUSTOWER,2026-08-11,369.35,368.0,6320461,0.37,3734820.5,3170076.0,2824086.4285714286,2761042.2,"7D, 10D"
INFY,2026-07-13,1102.6,1068.0,10937818,3.24,4105236.0,5683102.6,,,2D
INFY,2026-07-24,1040.9,1047.4,16078498,-0.62,5685137.5,5259388.8,4943612.428571428,5787957.2,"2D, 5D, 7D, 10D"
INFY,2026-07-28,1105.7,1079.2,16512178,2.46,12224918.0,8248246.4,7249540.0,6652652.7,"5D, 7D, 10D"
INFY,2026-07-29,1155.6,1105.7,20131710,4.51,12441758.0,10466457.8,8732656.142857144,7556730.1,"7D, 10D"
INOXWIND,2026-07-10,82.61,82.01,16164772,0.73,4360820.0,,,,2D
INOXWIND,2026-07-22,76.67,79.02,4605471,-2.97,2008358.0,3152081.8,3691743.0,5072861.3,2D
INOXWIND,2026-07-29,76.6,75.94,7274975,0.87,2438775.5,2654384.0,2469805.1428571427,2903232.9,"2D, 5D, 7D, 10D"
INOXWIND,2026-07-30,74.98,76.6,6515126,-2.11,5126908.0,3188284.8,3139605.8571428573,3381312.4,"5D, 7D"
INOXWIND,2026-08-10,73.5,78.0,18830492,-5.77,2862007.5,2964329.8,3871646.4285714286,3925405.1,"2D, 5D, 7D, 10D"
INOXWIND,2026-08-17,78.13,73.67,11355983,6.05,2724698.0,6141819.8,5204730.571428572,4553074.8,"2D, 7D, 10D"
IOC,2026-07-08,137.63,142.18,16144451,-3.2,6357755.5,,,,2D
IOC,2026-08-11,140.0,142.0,7198262,-1.41,2283413.0,3655900.6,4406214.142857143,4163516.0,2D
IREDA,2026-08-04,120.35,123.0,4382116,-2.15,2120358.5,1573215.8,1570176.857142857,1406370.8,"2D, 5D, 7D, 10D"
ITC,2026-07-24,283.45,281.3,15748693,0.76,9545098.0,7686345.6,6888247.0,7319695.0,"5D, 7D, 10D"
ITC,2026-08-20,271.65,267.05,18907919,1.72,8727161.5,7240190.6,7465058.428571428,6847922.0,"2D, 5D, 7D, 10D"
JINDALSTEL,2026-07-13,1028.8,1051.3,886379,-2.14,369148.5,497298.2,,,2D
JINDALSTEL,2026-07-14,1040.1,1028.8,1156544,1.1,684324.5,519464.6,,,5D
JINDALSTEL,2026-07-23,1041.9,1045.0,533765,-0.3,257821.0,374931.8,585714.2857142857,572467.6,2D
JINDALSTEL,2026-07-27,1065.7,1035.8,1368212,2.89,313277.5,337870.0,357316.28571428574,561293.4,"2D, 5D, 7D, 10D"
JINDALSTEL,2026-08-06,1101.0,1113.4,1094335,-1.11,289011.5,364245.0,433412.0,502865.1,"2D, 5D, 7D, 10D"
JINDALSTEL,2026-08-19,1115.0,1101.5,471218,1.23,261163.5,201730.6,256524.42857142858,330591.7,5D
JIOFIN,2026-07-08,229.99,243.07,19775308,-5.38,8033175.5,,,,2D
JIOFIN,2026-07-17,242.98,235.65,21348350,3.11,4509544.5,6534773.4,8034856.571428572,,"2D, 5D, 7D"
JIOFIN,2026-07-29,249.48,237.08,19760127,5.23,4413507.5,5172527.4,5991484.857142857,7230783.3,"2D, 5D, 7D, 10D"
JIOFIN,2026-07-31,256.46,246.95,20172794,3.85,12660944.0,7669963.0,7312075.0,8861063.2,"5D, 7D, 10D"
JIOFIN,2026-08-13,255.6,256.05,19134173,-0.18,3886714.0,4581340.8,5808266.285714285,8025731.1,"2D, 5D, 7D, 10D"
JSWENERGY,2026-07-20,567.7,541.2,1699159,4.9,799369.5,1047987.8,1067379.5714285714,1192578.0,2D
JSWENERGY,2026-08-03,569.0,554.65,1570771,2.59,655972.0,703665.6,740964.7142857143,830438.6,"2D, 5D, 7D"
JSWSTEEL,2026-07-16,1221.0,1226.9,944106,-0.48,436395.0,617305.8,755394.5714285715,,2D
JSWSTEEL,2026-07-22,1266.9,1267.4,2950628,-0.04,977722.0,853655.0,776544.8571428572,744712.8,"2D, 5D, 7D, 10D"
JSWSTEEL,2026-08-03,1292.3,1270.0,1659767,1.76,689213.0,702534.0,842173.7142857143,1080128.8,"2D, 5D"
JSWSTEEL,2026-08-20,1299.7,1285.8,1831440,1.08,394868.5,664673.6,681922.8571428572,729261.6,"2D, 5D, 7D, 10D"
JUBLFOOD,2026-07-17,417.15,423.15,1252683,-1.42,499325.0,746230.4,1159294.5714285714,,2D
JUBLFOOD,2026-07-28,432.2,427.45,1413701,1.11,537636.5,449643.8,611534.4285714285,608195.5,"2D, 5D, 7D, 10D"
JUBLFOOD,2026-07-29,440.1,432.2,1392699,1.83,930298.0,624407.4,634537.0,669309.2,"5D, 7D, 10D"
JUBLFOOD,2026-08-03,470.0,438.25,1870591,7.24,747361.0,949603.4,823331.8571428572,732918.0,"2D, 7D, 10D"
JUBLFOOD,2026-08-05,485.0,465.0,5803404,4.3,1336237.5,1111979.2,1060070.2857142857,868193.3,"2D, 5D, 7D, 10D"
KALYANKJIL,2026-07-08,374.15,354.75,9098723,5.47,3532932.5,,,,2D
KALYANKJIL,2026-07-09,443.0,374.15,15398201,18.4,7535723.5,,,,2D
KALYANKJIL,2026-07-13,510.65,476.15,20729811,7.25,17649978.5,10292909.0,,,5D
KALYANKJIL,2026-07-28,608.35,564.6,6640338,7.75,2525316.0,3608074.2,4132744.714285714,5441118.9,2D
KALYANKJIL,2026-07-29,628.6,608.35,9633399,3.33,4733045.5,3872708.6,4063252.714285714,4789309.0,"2D, 5D, 7D, 10D"
KALYANKJIL,2026-08-13,613.4,596.7,3664640,2.8,1606304.5,2839045.2,3306568.714285714,3435382.3,2D
KAYNES,2026-07-09,3429.1,3210.7,738690,6.8,258024.0,,,,2D
KAYNES,2026-07-16,3438.8,3337.2,521393,3.04,172920.5,355075.4,327346.4285714286,,2D
KAYNES,2026-07-29,3638.6,3227.7,1379186,12.73,178967.5,173163.4,191209.14285714287,226008.7,"2D, 5D, 7D, 10D"
KAYNES,2026-08-10,3735.1,3856.3,1042146,-3.14,199261.0,220690.0,288471.5714285714,375642.2,"2D, 5D, 7D, 10D"
KAYNES,2026-08-19,3823.3,3644.1,432088,4.92,128198.0,193793.6,333697.85714285716,301188.2,"2D, 5D"
KEI,2026-07-17,4906.5,5075.5,343059,-3.33,138799.0,129317.6,130289.85714285714,,"2D, 5D, 7D"
KEI,2026-07-28,4843.0,4873.0,149765,-0.62,47809.5,65918.8,111261.85714285714,115343.7,"2D, 5D"
KEI,2026-07-30,4799.5,4853.5,168912,-1.11,124798.0,84849.4,82741.42857142857,116269.4,7D
KEI,2026-08-04,5500.0,5023.3,685247,9.49,140724.0,139991.2,113653.57142857143,102955.0,"2D, 5D, 7D, 10D"
KEI,2026-08-05,5577.0,5500.0,469069,1.4,392445.5,247087.6,205219.57142857142,162007.2,"7D, 10D"
KFINTECH,2026-07-27,949.25,857.75,1949521,10.67,203207.0,190456.6,293113.4285714286,354561.9,"2D, 5D, 7D, 10D"
KFINTECH,2026-07-28,973.75,949.25,943180,2.58,1093350.0,536384.2,462326.14285714284,487327.9,7D
KFINTECH,2026-08-14,940.0,929.0,396986,1.18,186017.0,157459.4,178873.85714285713,187977.9,"2D, 5D, 7D, 10D"
KFINTECH,2026-08-17,973.0,940.0,806677,3.51,314574.0,214966.0,213242.2857142857,206897.1,"2D, 5D, 7D, 10D"
KFINTECH,2026-08-21,980.0,961.0,789758,1.98,338171.0,470980.2,389562.14285714284,314219.8,"2D, 7D, 10D"
KOTAKBANK,2026-07-20,382.05,389.95,20659332,-2.03,8727885.0,8084489.8,9955231.0,12239175.4,"2D, 5D, 7D"
KOTAKBANK,2026-08-21,402.8,397.35,10859078,1.37,4633856.5,4481061.4,4693887.571428572,5045815.7,"2D, 5D, 7D, 10D"
KPITTECH,2026-07-13,573.45,561.75,1666024,2.08,772490.5,916255.6,,,2D
KPITTECH,2026-07-24,583.2,550.9,2574786,5.86,416881.5,583595.0,629168.2857142857,804179.9,"2D, 5D, 7D, 10D"
KPITTECH,2026-07-28,602.45,585.2,3304893,2.95,1852864.0,1091255.2,946243.2857142857,928298.6,"5D, 7D, 10D"
KPITTECH,2026-07-29,638.75,602.45,5000970,6.03,2217917.5,1568876.8,1349441.4285714286,1141479.9,"2D, 5D, 7D, 10D"
KPITTECH,2026-07-30,589.75,638.75,3603728,-7.67,4152931.5,2486348.8,1966019.857142857,1541366.5,10D
KPITTECH,2026-08-18,596.65,609.0,473704,-2.03,203539.0,360263.0,449990.71428571426,514875.8,2D
LAURUSLABS,2026-07-27,1713.4,1601.2,2480358,7.01,696672.0,653620.6,618413.1428571428,655957.0,"2D, 5D, 7D, 10D"
LAURUSLABS,2026-07-28,1758.9,1713.4,1673493,2.66,1655776.5,1036869.8,896647.2857142857,802101.7,10D
LICHSGFIN,2026-07-13,551.9,549.15,1179726,0.5,563629.5,476636.2,,,"2D, 5D"
LICHSGFIN,2026-07-20,552.45,549.9,1710740,0.46,537581.5,753644.6,699354.5714285715,615140.4,"2D, 5D, 7D, 10D"
LICHSGFIN,2026-07-29,553.45,545.7,907416,1.42,295931.5,285370.0,471314.0,512685.7,"2D, 5D"
LICHSGFIN,2026-07-31,523.1,540.9,1508623,-3.29,745335.0,460118.0,416788.5714285714,511799.4,"2D, 5D, 7D, 10D"
LICHSGFIN,2026-08-06,505.0,512.05,1693831,-1.38,447305.5,825096.4,749679.4285714285,612206.2,"2D, 5D, 7D, 10D"
LICHSGFIN,2026-08-17,498.25,500.0,1898751,-0.35,643205.5,767331.6,903087.0,835521.4,"2D, 5D, 7D, 10D"
LICHSGFIN,2026-08-20,508.05,497.0,1496106,2.22,742905.5,934194.6,920474.1428571428,970617.1,2D
LICI,2026-07-17,433.1,438.3,3800384,-1.19,1437714.5,1363014.0,1488133.4285714286,,"2D, 5D, 7D"
LICI,2026-07-28,427.15,424.35,1172657,0.66,374607.0,521831.0,965002.4285714285,1137079.7,"2D, 5D"
LICI,2026-08-04,391.3,428.5,21997514,-8.68,871210.0,846133.4,711411.5714285715,683982.2,"2D, 5D, 7D, 10D"
LICI,2026-08-05,393.0,391.3,32034893,0.43,11525178.0,5011104.8,3809432.8571428573,2822751.5,"2D, 5D, 7D, 10D"
LICI,2026-08-06,387.55,393.0,39626567,-1.39,27016203.5,11327134.0,8323296.285714285,5973774.6,"5D, 7D, 10D"
LICI,2026-08-07,394.0,387.55,20506992,1.66,35830730.0,19080278.8,13816712.0,9863885.5,10D
LICI,2026-08-11,406.0,393.0,27921008,3.31,16368326.0,25279125.2,18305435.14285714,13062629.3,10D
LICI,2026-08-20,419.0,413.1,11498786,1.43,3917823.0,6911272.4,10599538.57142857,14655998.9,2D
LODHA,2026-07-22,1161.0,1198.95,1422985,-3.17,530211.0,631527.6,675618.0,1428927.9,"2D, 5D, 7D"
LODHA,2026-07-28,1301.4,1198.7,3575693,8.57,881434.0,958362.6,829642.0,834047.1,"2D, 5D, 7D, 10D"
LT,2026-07-09,3886.0,3892.1,3639822,-0.16,1225764.0,,,,2D
LT,2026-07-15,3783.9,3848.7,2570439,-1.68,1108978.5,1544469.4,1389665.7142857143,,2D
LT,2026-08-12,4020.0,4037.4,1531311,-0.43,624367.0,693099.2,763429.2857142857,890514.5,"2D, 5D, 7D"
LTF,2026-07-20,305.85,310.05,3279454,-1.35,917534.5,2427945.8,2808070.5714285714,2602493.3,2D
LTF,2026-07-29,309.15,311.0,7520010,-0.59,1563166.5,1398728.2,1873445.2857142857,1616088.4,"2D, 5D, 7D, 10D"
LTF,2026-08-03,318.0,311.25,3890958,2.17,1924408.0,2899031.8,2364070.285714286,2448294.3,2D
LTF,2026-08-12,317.2,315.4,2578253,0.57,1222654.5,1614276.2,2072802.7142857143,2587844.5,2D
LTF,2026-08-18,325.1,315.0,3753981,3.21,1679842.0,1565357.0,1515364.5714285714,1708899.1,"2D, 5D, 7D, 10D"
LTF,2026-08-19,315.4,325.1,4829037,-2.98,2499323.5,2044862.2,1809945.7142857143,1829569.2,"5D, 7D, 10D"
LTM,2026-07-10,4037.2,3854.4,437183,4.74,200472.5,,,,2D
LTM,2026-07-27,4190.8,4091.8,183821,2.42,117818.5,88010.0,101807.71428571429,151080.0,5D
LTM,2026-07-28,4309.2,4190.8,325884,2.83,156239.5,113629.4,106554.42857142857,131708.2,"2D, 5D, 7D, 10D"
LTM,2026-08-03,4690.0,4362.1,695333,7.52,130379.0,200958.0,177203.85714285713,144484.0,"2D, 5D, 7D, 10D"
LTM,2026-08-07,4658.1,4528.0,174920,2.87,85542.5,209426.8,208437.42857142858,209742.5,2D
LTM,2026-08-20,4553.0,4564.4,384326,-0.25,127690.0,111161.8,121757.57142857143,131767.4,"2D, 5D, 7D, 10D"
LUPIN,2026-07-08,2459.0,2490.2,655614,-1.25,243990.5,,,,2D
LUPIN,2026-08-10,2300.0,2363.5,1976588,-2.69,804581.5,904486.4,838620.1428571428,771904.5,"2D, 5D, 7D, 10D"
M&M,2026-07-29,3221.8,3271.2,2439602,-1.51,1322795.0,1268243.6,1198660.0,1162720.4,"7D, 10D"
M&M,2026-07-31,3398.5,3283.7,3140396,3.5,2065465.0,1624330.8,1496021.142857143,1339615.0,"7D, 10D"
MANAPPURAM,2026-07-16,325.1,328.6,1748423,-1.07,450672.5,667106.0,940741.4285714285,,"2D, 5D"
MANAPPURAM,2026-07-20,337.1,325.45,2365247,3.58,1261383.5,912865.2,836899.5714285715,1351878.4,"5D, 7D"
MANAPPURAM,2026-07-21,351.75,337.1,3035036,4.35,1569795.5,1157871.8,1089108.857142857,1147320.4,"5D, 7D, 10D"
MANAPPURAM,2026-07-29,370.15,361.25,2509489,2.46,1201618.0,1435709.6,1796975.857142857,1541687.1,2D
MANAPPURAM,2026-07-30,368.35,370.15,3125473,-0.49,1524549.5,1569830.0,1817581.857142857,1761108.7,2D
MANAPPURAM,2026-08-03,365.0,371.85,10474008,-1.84,3133863.0,2236090.2,2016696.5714285714,2135604.6,"2D, 5D, 7D, 10D"
MANAPPURAM,2026-08-05,363.6,356.6,6401752,1.96,7107868.5,4598590.4,3628026.8571428573,3017150.0,10D
MANAPPURAM,2026-08-12,352.6,360.0,10085099,-2.06,1524832.5,2341239.0,3703133.1428571427,3469914.7,"2D, 5D, 7D, 10D"
MANAPPURAM,2026-08-20,349.25,340.0,3796045,2.72,1558794.0,1761320.4,2994764.714285714,2419614.4,"2D, 5D"
MANAPPURAM,2026-08-21,357.5,349.25,4587205,2.36,2962800.5,2000227.0,3241106.5714285714,2686666.2,5D
MANKIND,2026-07-10,2525.1,2532.0,280618,-0.27,112136.0,,,,2D
MANKIND,2026-07-15,2543.1,2531.1,512432,0.47,152747.5,162077.0,152310.14285714287,,"2D, 5D, 7D"
MANKIND,2026-07-28,2617.9,2551.6,292034,2.6,91711.5,112885.4,141003.85714285713,183500.6,"2D, 5D, 7D"
MANKIND,2026-07-31,2469.6,2575.9,1095034,-4.13,138419.5,150459.2,150517.0,155590.0,"2D, 5D, 7D, 10D"
MANKIND,2026-08-12,2433.1,2425.0,538826,0.33,128707.5,115068.2,163496.7142857143,251635.0,"2D, 5D, 7D, 10D"
MANKIND,2026-08-17,2380.9,2425.2,598767,-1.83,133631.0,212700.6,185939.85714285713,195056.5,"2D, 5D, 7D, 10D"
MARUTI,2026-07-28,13802.0,13730.0,310060,0.52,132841.0,142891.2,155521.2857142857,168528.7,"2D, 5D"
MARUTI,2026-08-03,14150.0,14234.0,459377,-0.59,279574.0,279574.8,236439.57142857142,220311.8,10D
MAXHEALTH,2026-08-14,1008.6,1013.3,2245357,-0.46,1306193.5,1280132.8,1181370.0,1100701.3,10D
MAZDOCK,2026-07-09,2372.8,2450.7,792715,-3.18,283209.5,,,,2D
MAZDOCK,2026-07-22,2307.4,2354.1,218845,-1.98,94371.0,110197.2,139565.14285714287,231526.6,2D
MAZDOCK,2026-07-30,2319.1,2307.8,255913,0.49,119603.0,122776.2,132601.57142857142,128219.9,"2D, 5D"
MAZDOCK,2026-07-31,2381.8,2319.1,362057,2.7,166272.5,150507.6,155519.85714285713,144661.4,"2D, 5D, 7D, 10D"
MAZDOCK,2026-08-06,2530.0,2380.5,1043478,6.28,143153.5,207828.2,182621.0,165302.2,"2D, 5D, 7D, 10D"
MAZDOCK,2026-08-10,2575.0,2514.9,599654,2.39,682205.0,357116.2,343364.4285714286,279843.4,10D
MCX,2026-07-14,2891.3,2782.1,1710383,3.93,790047.5,1488769.2,,,2D
MCX,2026-08-05,2598.6,2680.0,2189623,-3.04,872202.5,662626.0,630598.8571428572,592566.1,"2D, 5D, 7D, 10D"
MCX,2026-08-10,2759.3,2638.0,2107420,4.6,791852.0,1103546.4,939655.4285714285,818751.9,"2D, 7D, 10D"
MCX,2026-08-12,2970.1,2895.0,2737340,2.59,1910439.5,1518841.2,1334087.2857142857,1090733.6,"7D, 10D"
MCX,2026-08-18,3040.0,2933.1,1257872,3.64,602549.0,1376537.0,1366319.2857142857,1347143.4,2D
MFSL,2026-07-17,1538.0,1578.4,489675,-2.56,201727.0,354782.8,400921.85714285716,,2D
MFSL,2026-07-24,1515.5,1503.9,850535,0.77,218083.5,306575.0,276618.4285714286,330678.9,"2D, 5D, 7D, 10D"
MFSL,2026-08-11,1499.0,1514.5,815634,-1.02,206269.5,385059.6,366107.5714285714,453242.8,"2D, 5D, 7D"
MFSL,2026-08-14,1538.1,1512.4,1093702,1.7,271000.0,354034.6,412058.71428571426,392038.7,"2D, 5D, 7D, 10D"
MOTHERSON,2026-07-16,143.65,142.11,14841843,1.08,7605933.0,6223957.2,8702022.0,,5D
MOTHERSON,2026-07-31,150.75,146.72,11941797,2.75,6088029.5,5812516.6,6089395.428571428,6107247.3,5D
MOTHERSON,2026-08-04,151.0,155.01,15258021,-2.59,11291058.0,8125344.4,7377814.142857143,7001708.9,"7D, 10D"
MOTHERSON,2026-08-07,168.5,155.0,30395356,8.71,11684378.5,12241778.8,10483564.714285715,9027147.7,"2D, 5D, 7D, 10D"
MOTILALOFS,2026-07-09,942.5,909.6,595057,3.62,240677.5,,,,2D
MOTILALOFS,2026-07-24,871.95,940.25,2498550,-7.26,257718.0,196889.4,193149.14285714287,258252.5,"2D, 5D, 7D, 10D"
MOTILALOFS,2026-08-17,955.0,903.7,1524848,5.68,260303.0,309291.2,315365.5714285714,318315.6,"2D, 5D, 7D, 10D"
MOTILALOFS,2026-08-20,973.4,942.1,718741,3.32,283853.0,522632.0,474536.28571428574,430011.3,2D
MPHASIS,2026-07-17,2394.2,2352.0,427537,1.79,98442.5,173726.0,174083.0,,"2D, 5D, 7D"
MPHASIS,2026-07-24,2288.1,2232.4,583771,2.5,205653.0,229853.0,192307.14285714287,201789.5,"2D, 5D, 7D, 10D"
MPHASIS,2026-07-28,2413.5,2332.7,652700,3.46,445337.0,274436.2,291419.85714285716,238889.4,"5D, 7D, 10D"
MPHASIS,2026-08-05,2460.0,2380.0,379145,3.36,148055.0,272871.2,331994.14285714284,331903.6,2D
MUTHOOTFIN,2026-07-24,2986.7,3010.4,471578,-0.79,164295.5,223654.6,250604.2857142857,297990.9,"2D, 5D"
MUTHOOTFIN,2026-07-30,3008.7,3017.9,629597,-0.3,328428.5,301971.6,292797.85714285716,271575.8,"5D, 7D, 10D"
MUTHOOTFIN,2026-07-31,3119.6,3008.7,687728,3.69,463793.5,407469.4,337991.14285714284,315562.0,"7D, 10D"
MUTHOOTFIN,2026-08-03,2890.9,3119.6,3354666,-7.33,658662.5,450699.4,403883.28571428574,359355.4,"2D, 5D, 7D, 10D"
MUTHOOTFIN,2026-08-20,2970.0,2859.0,650659,3.88,255484.0,413123.2,433129.71428571426,463871.8,2D
NAM-INDIA,2026-07-16,1151.5,1196.3,861380,-3.74,329093.0,283904.4,309675.0,,"2D, 5D, 7D"
NAM-INDIA,2026-07-23,1105.8,1147.9,1216191,-3.67,508580.0,547550.0,485133.71428571426,415727.2,"2D, 5D, 7D, 10D"
NAM-INDIA,2026-08-04,1202.0,1165.0,1178796,3.18,359138.5,389553.0,408556.28571428574,509324.5,"2D, 5D, 7D, 10D"
NAM-INDIA,2026-08-05,1215.0,1202.0,1195686,1.08,722573.0,510999.0,530854.7142857143,576169.2,"5D, 7D, 10D"
NAM-INDIA,2026-08-20,1232.5,1217.0,1430618,1.27,587721.5,428825.6,423955.14285714284,381209.0,"2D, 5D, 7D, 10D"
NATIONALUM,2026-07-30,347.65,344.7,3494269,0.86,1882204.0,1581941.0,1768610.2857142857,2523931.3,5D
NATIONALUM,2026-08-03,369.0,350.05,4352851,5.41,3281773.5,2419079.8,2067607.4285714286,2176551.2,7D
NATIONALUM,2026-08-04,377.0,369.0,5447842,2.17,3711064.5,2936161.2,2456757.5714285714,2329667.0,"7D, 10D"
NATIONALUM,2026-08-11,388.0,382.7,3719628,1.38,1854819.5,3374141.2,3470405.0,3155151.2,2D
NATIONALUM,2026-08-12,420.0,388.0,11008303,8.25,2773843.0,3028498.4,3563312.1428571427,3356171.4,"2D, 5D, 7D, 10D"
NAUKRI,2026-07-20,1191.5,1187.25,2289898,0.36,816196.5,672213.4,966639.8571428572,1573919.8,"2D, 5D, 7D"
NAUKRI,2026-07-21,1207.7,1191.5,2396922,1.36,1668221.0,954397.8,952623.8571428572,1736134.8,"5D, 7D"
NAUKRI,2026-07-27,1194.3,1165.5,1287287,2.47,521544.5,1349442.8,1197086.7142857143,1010828.1,2D
NAUKRI,2026-08-10,1282.0,1225.3,2285657,4.63,561415.0,586999.8,678805.1428571428,887246.3,"2D, 5D, 7D, 10D"
NAUKRI,2026-08-11,1360.0,1282.0,3787096,6.08,1333210.0,942052.8,918027.5714285715,987083.3,"2D, 5D, 7D, 10D"
NAUKRI,2026-08-17,1355.8,1343.0,1833172,0.95,626833.0,1660753.8,1346657.0,1123876.8,2D
NBCC,2026-08-12,92.17,93.8,3950398,-1.74,1895721.0,1975666.6,1929141.5714285714,1839745.3,"2D, 7D, 10D"
NBCC,2026-08-14,89.15,92.07,5088565,-3.17,2795865.5,2278846.2,2210009.1428571427,2067868.1,"5D, 7D, 10D"
NESTLEIND,2026-07-22,1493.6,1451.9,2103894,2.87,945391.0,870629.2,988955.5714285715,992869.1,"2D, 5D, 7D, 10D"
NESTLEIND,2026-07-28,1491.8,1446.1,3399827,3.16,1478705.5,1371295.4,1242928.5714285714,1137988.1,"2D, 5D, 7D, 10D"
NHPC,2026-07-21,80.31,81.0,37727496,-0.85,5374098.5,4340959.2,4377248.285714285,4659028.1,"2D, 5D, 7D, 10D"
NHPC,2026-07-29,77.9,78.28,6384222,-0.49,2670237.0,5068060.4,9788117.285714285,8103800.9,2D
NHPC,2026-08-03,79.25,78.73,8847137,0.66,2804257.5,3466642.2,4575633.285714285,8050955.8,"2D, 5D"
NMDC,2026-07-13,84.13,84.92,13442293,-0.93,6268160.5,7314291.4,,,2D
NMDC,2026-08-17,85.5,84.4,15006585,1.3,7104665.0,8291393.2,8352139.0,9015561.5,2D
NTPC,2026-07-09,343.7,348.7,11867451,-1.43,5798868.0,,,,2D
NTPC,2026-08-05,349.9,343.65,8582032,1.82,3783951.0,4907549.2,5776339.0,5293914.6,2D
NYKAA,2026-07-28,329.6,326.75,3862171,0.87,1466402.0,2147082.4,2407908.5714285714,2654752.8,2D
NYKAA,2026-07-30,333.75,327.5,6135843,1.91,2751129.0,2024820.2,2319667.1428571427,2591075.2,"2D, 5D, 7D, 10D"
NYKAA,2026-08-05,335.35,342.5,9968624,-2.09,3295860.5,3647434.8,3438412.4285714286,3078839.9,"2D, 5D, 7D, 10D"
NYKAA,2026-08-19,327.35,320.6,3545065,2.11,1413398.5,2337261.4,3068572.5714285714,3732569.4,2D
OBEROIRLTY,2026-07-17,1894.8,1861.2,403844,1.81,189596.5,253209.0,303611.14285714284,,2D
OBEROIRLTY,2026-07-27,1832.6,1821.2,128508,0.63,49063.5,58973.6,134317.57142857142,164181.1,"2D, 5D"
OBEROIRLTY,2026-07-31,1827.7,1814.4,220060,0.73,78381.0,89737.4,82054.0,108805.5,"2D, 5D, 7D, 10D"
OBEROIRLTY,2026-08-06,1777.0,1806.5,324838,-1.63,147408.0,132410.8,124710.42857142857,109960.8,"2D, 5D, 7D, 10D"
OBEROIRLTY,2026-08-13,1846.0,1799.9,446865,2.56,72385.5,132622.6,136847.0,132516.7,"2D, 5D, 7D, 10D"
OBEROIRLTY,2026-08-17,1931.0,1846.0,517046,4.6,267165.0,157417.8,171063.2857142857,158952.1,"5D, 7D, 10D"
OFSS,2026-07-09,11134.0,11002.0,118931,1.2,58300.0,,,,2D
OFSS,2026-07-23,10843.0,10851.0,826141,-0.07,120833.5,138668.2,127382.42857142857,132832.4,"2D, 5D, 7D, 10D"
OFSS,2026-08-11,11896.0,11890.0,123883,0.05,58162.0,82812.4,81586.14285714286,87556.9,2D
OFSS,2026-08-19,11774.0,11623.0,127487,1.3,56627.0,80760.8,81962.42857142857,86065.5,2D
OIL,2026-07-08,430.35,423.15,2623305,1.7,992737.5,,,,2D
OIL,2026-07-14,441.1,431.05,3073670,2.33,1142292.0,1329973.2,,,"2D, 5D"
OIL,2026-07-20,453.55,435.35,3951378,4.18,1378819.5,1677883.0,1427916.2857142857,1460419.4,"2D, 5D, 7D, 10D"
OIL,2026-08-03,452.0,458.6,2223275,-1.44,629285.5,961985.8,1094915.2857142857,1343745.7,"2D, 5D, 7D"
OIL,2026-08-05,444.0,450.0,2067761,-1.33,1226888.0,881758.0,1037672.1428571428,1121002.5,5D
OIL,2026-08-07,442.8,444.0,2276231,-0.27,1497589.5,1244809.0,1057709.857142857,1138416.8,7D
OIL,2026-08-11,470.35,453.0,3271425,3.83,2389614.5,1600981.8,1571896.2857142857,1338563.3,"5D, 7D, 10D"
ONGC,2026-07-27,238.56,248.76,10213655,-4.1,4213761.0,5422650.2,4929203.714285715,5751781.1,"2D, 7D"
ONGC,2026-08-17,238.49,236.4,16782235,0.88,6093952.0,6857872.0,6752447.0,6810480.5,"2D, 5D, 7D, 10D"
PAGEIND,2026-07-08,41415.0,41780.0,39759,-0.87,18108.0,,,,2D
PAGEIND,2026-07-21,40095.0,40325.0,25300,-0.57,8388.0,12492.0,14218.714285714286,18892.0,"2D, 5D"
PAGEIND,2026-07-29,40270.0,40370.0,16367,-0.25,4217.0,8996.0,11215.285714285714,11951.7,2D
PAGEIND,2026-08-10,38660.0,39900.0,12585,-3.11,7368.0,5956.2,7501.428571428572,7731.1,5D
PAGEIND,2026-08-13,36520.0,38295.0,43399,-4.64,7911.0,8628.6,7978.0,8091.7,"2D, 5D, 7D, 10D"
PAGEIND,2026-08-14,36750.0,36520.0,38958,0.63,25309.0,15519.0,12831.857142857143,11185.7,"5D, 7D, 10D"
PATANJALI,2026-07-13,408.85,413.8,967025,-1.2,346580.0,526209.6,,,2D
PATANJALI,2026-07-15,347.9,407.55,11701107,-14.64,1051247.0,729142.0,676220.2857142857,,"2D, 5D, 7D"
PATANJALI,2026-07-27,346.85,340.95,2945479,1.73,1277991.5,1173780.2,1625317.857142857,2518082.6,"2D, 5D"
PATANJALI,2026-07-29,357.15,342.95,6410031,4.14,2298668.0,1619368.2,1495176.7142857143,2767566.8,"2D, 5D, 7D, 10D"
PATANJALI,2026-08-10,355.0,357.5,2764980,-0.7,511431.0,762259.8,795793.5714285715,1657792.2,"2D, 5D, 7D"
PATANJALI,2026-08-11,353.0,355.0,5004264,-0.56,1597382.5,1024422.8,1018314.2857142857,1639742.3,"2D, 5D, 7D, 10D"
PATANJALI,2026-08-17,353.9,352.0,1562979,0.54,564691.0,2076656.8,1629449.4285714286,1419458.3,2D
PAYTM,2026-07-21,1300.5,1347.5,3255750,-3.49,850802.5,1096536.8,1387431.4285714286,1396193.2,"2D, 5D, 7D, 10D"
PAYTM,2026-07-29,1330.0,1307.9,2320767,1.69,1253972.0,1060088.0,1364845.857142857,1214072.1,5D
PAYTM,2026-08-03,1410.0,1343.0,2361573,4.99,1171429.5,1434314.0,1262988.4285714286,1421754.7,2D
PAYTM,2026-08-10,1584.1,1441.6,7320970,9.88,1569360.0,1635458.2,1502878.5714285714,1534886.1,"2D, 5D, 7D, 10D"
PAYTM,2026-08-19,1583.5,1546.3,2112209,2.41,947134.5,1073654.8,2244526.714285714,1995072.5,2D
PAYTM,2026-08-21,1632.0,1603.6,2933436,1.77,2327320.0,1601805.8,1431844.857142857,2200236.7,7D
PERSISTENT,2026-07-10,5053.9,4829.9,490721,4.64,183568.0,,,,2D
PERSISTENT,2026-07-23,5001.9,5098.8,275291,-1.9,131533.5,161091.8,176412.0,214974.6,2D
PERSISTENT,2026-07-31,5549.0,5514.7,615875,0.62,299660.5,267963.0,251392.7142857143,226894.3,"2D, 5D, 7D, 10D"
PETRONET,2026-07-14,276.05,278.95,866684,-1.04,408253.0,1448532.4,,,2D
PETRONET,2026-07-15,278.4,276.05,1515263,0.85,684553.0,1111042.6,1299424.857142857,,2D
PETRONET,2026-07-21,276.65,275.05,1871100,0.58,1025242.0,1093594.8,897782.8571428572,1271063.6,7D
PETRONET,2026-08-14,282.6,279.3,3341274,1.18,738415.5,591891.4,605729.0,641386.3,"2D, 5D, 7D, 10D"
PETRONET,2026-08-18,286.25,281.8,1988821,1.58,1895907.5,1137311.4,964467.4285714285,871288.5,"7D, 10D"
PETRONET,2026-08-19,288.15,286.25,3133288,0.66,1219681.0,1451493.4,1182803.4285714286,1002073.9,"2D, 5D, 7D, 10D"
PFC,2026-07-17,404.85,401.35,6808653,0.87,2983596.0,2572578.8,2756726.8571428573,,"2D, 5D, 7D"
PFC,2026-07-31,424.35,426.25,6740653,-0.45,4549947.5,3419846.4,2990349.0,3378643.4,7D
PFC,2026-08-10,385.15,420.0,14504548,-8.3,2274418.5,3355478.6,4070121.285714286,3796411.9,"2D, 5D, 7D, 10D"
PGEL,2026-07-14,601.1,595.85,1025300,0.88,476314.5,594565.6,,,2D
PGEL,2026-07-29,612.45,585.45,632571,4.61,253252.0,468272.4,525919.8571428572,683477.6,2D
PGEL,2026-07-31,613.35,613.0,714695,0.06,507276.0,339719.4,479416.28571428574,552911.9,5D
PGEL,2026-08-05,603.0,612.0,1407046,-1.47,375292.0,495966.2,426619.28571428574,482119.3,"2D, 5D, 7D, 10D"
PGEL,2026-08-07,630.65,609.75,2007361,3.43,1148717.0,752542.6,682466.4285714285,546131.0,"5D, 7D, 10D"
PGEL,2026-08-12,614.65,616.0,1279660,-0.22,403658.0,1022422.2,837527.8571428572,759194.2,2D
PGEL,2026-08-18,597.0,614.0,702019,-2.77,334913.0,616633.2,806286.2857142857,834941.5,2D
PHOENIXLTD,2026-07-29,1910.5,2023.2,1005608,-5.57,247182.5,340614.8,316034.4285714286,312838.5,"2D, 5D, 7D, 10D"
PHOENIXLTD,2026-08-17,1929.8,1890.0,439475,2.11,178700.0,225182.6,203782.2857142857,232247.9,"2D, 7D"
PIDILITIND,2026-07-10,1598.5,1590.4,519848,0.51,253986.0,,,,2D
PIDILITIND,2026-07-17,1566.1,1559.6,1006062,0.42,546884.5,537799.2,456709.71428571426,,7D
PIDILITIND,2026-07-21,1591.3,1565.8,1060563,1.63,787236.0,671605.2,609066.8571428572,518449.8,10D
PIDILITIND,2026-07-24,1570.9,1564.2,1464477,0.43,888495.5,882405.2,786542.1428571428,710102.2,10D
PIDILITIND,2026-08-04,1620.0,1642.5,1001379,-1.37,478248.5,577154.4,713974.2857142857,783537.4,2D
PIIND,2026-07-14,2537.2,2569.0,223432,-1.24,91690.0,81783.2,,,"2D, 5D"
PIIND,2026-07-22,2697.6,2681.8,126190,0.59,57510.0,70605.4,91507.85714285714,89563.4,2D
PIIND,2026-07-23,2742.6,2697.6,182989,1.67,91239.0,78759.8,100378.42857142857,95220.6,"2D, 5D"
PIIND,2026-07-29,2753.9,2706.6,171490,1.75,46065.0,95953.4,84969.57142857143,83279.4,"2D, 7D, 10D"
PIIND,2026-08-03,2793.0,2751.2,125589,1.52,56824.5,75453.8,91245.14285714286,87992.6,2D
PIIND,2026-08-11,2730.0,2751.6,112912,-0.78,48493.0,71013.4,76976.71428571429,82459.0,2D
PIIND,2026-08-12,2483.0,2730.0,662122,-9.05,86807.5,80552.2,84795.42857142857,87870.7,"2D, 5D, 7D, 10D"
PIIND,2026-08-18,2515.0,2472.0,408274,1.74,123452.5,227713.8,176507.85714285713,149363.6,"2D, 7D, 10D"
PNB,2026-07-20,111.76,105.77,31832220,5.66,5808051.5,4740204.2,5703596.571428572,7037974.7,"2D, 5D, 7D, 10D"
PNB,2026-08-12,118.98,114.03,17035561,4.34,6964482.0,5809194.8,5484801.571428572,5372191.1,"2D, 5D, 7D, 10D"
PNBHOUSING,2026-07-27,1078.5,1058.0,470444,1.94,169276.5,266666.0,277959.4285714286,286378.0,2D
PNBHOUSING,2026-08-05,1121.6,1080.0,1209364,3.85,569064.0,473362.4,479177.5714285714,407624.9,"2D, 5D, 7D, 10D"
PNBHOUSING,2026-08-18,1145.8,1150.8,496526,-0.43,105305.5,214793.2,343801.28571428574,479567.6,"2D, 5D"
PNBHOUSING,2026-08-19,1174.0,1145.8,676320,2.46,301875.5,276722.8,299179.71428571426,471857.8,"2D, 5D, 7D"
PNBHOUSING,2026-08-20,1175.5,1174.0,1039989,0.13,586423.0,326537.2,320973.14285714284,418553.4,"5D, 7D, 10D"
POLICYBZR,2026-08-06,1599.0,1620.0,1732765,-1.3,288881.5,336207.2,329603.5714285714,409765.7,"2D, 5D, 7D, 10D"
POLICYBZR,2026-08-11,1733.0,1630.0,1214408,6.32,474071.0,651734.0,558789.5714285715,498813.2,"2D, 7D, 10D"
POLYCAB,2026-07-09,9074.0,9234.0,230177,-1.73,111323.5,,,,2D
POLYCAB,2026-07-22,9090.5,8903.5,247601,2.1,114981.0,163435.6,164393.57142857142,176957.3,2D
POLYCAB,2026-07-28,9121.5,9010.0,260327,1.24,100495.5,152184.8,159028.7142857143,162837.3,2D
POWERGRID,2026-08-06,270.75,281.75,9026328,-3.9,4152901.0,4994593.2,5281386.714285715,5562568.2,2D
POWERINDIA,2026-08-10,36050.0,32600.0,127125,10.58,28310.0,26647.4,35595.57142857143,42458.5,"2D, 5D, 7D, 10D"
POWERINDIA,2026-08-19,33800.0,35275.0,58769,-4.18,17123.5,35391.6,53755.71428571428,45477.6,2D
PREMIERENE,2026-07-30,982.7,1036.2,820695,-5.16,193169.5,290017.0,330690.71428571426,409808.8,"2D, 5D, 7D, 10D"
PREMIERENE,2026-07-31,1022.2,982.7,771424,4.02,532104.5,372834.0,375750.85714285716,439802.6,"5D, 7D"
PREMIERENE,2026-08-20,1040.0,1002.0,501454,3.79,222561.0,195406.8,193585.7142857143,262728.1,"2D, 5D, 7D"
PREMIERENE,2026-08-21,1053.0,1040.0,923893,1.25,359496.5,270809.8,242424.0,286468.3,"2D, 5D, 7D, 10D"
PRESTIGE,2026-07-16,1641.7,1686.0,658092,-2.63,309035.0,353710.0,473945.4285714286,,2D
PRESTIGE,2026-07-22,1663.1,1706.9,387323,-2.57,147700.5,359034.4,379885.4285714286,388479.5,2D
PRESTIGE,2026-08-06,1578.0,1593.0,472882,-0.94,199198.5,254440.4,284194.28571428574,289914.2,2D
PRESTIGE,2026-08-11,1585.9,1589.0,663021,-0.2,201763.0,254961.0,260537.2857142857,286576.8,"2D, 5D, 7D, 10D"
PRESTIGE,2026-08-17,1591.9,1592.5,643266,-0.04,191839.5,251508.0,284856.71428571426,257988.4,"2D, 5D, 7D, 10D"
PRESTIGE,2026-08-21,1631.0,1585.5,352015,2.87,73164.5,254392.6,226268.85714285713,265042.9,2D
RADICO,2026-07-20,4132.4,4097.9,307398,0.84,114722.5,120715.6,135273.57142857142,184001.7,"2D, 5D, 7D"
RADICO,2026-07-28,4289.7,4149.5,423920,3.38,237352.0,164469.2,180464.85714285713,165586.0,"5D, 7D, 10D"
RADICO,2026-07-29,4373.8,4289.7,610216,1.96,354272.0,223200.8,221952.0,190854.9,"5D, 7D, 10D"
RBLBANK,2026-07-16,362.8,372.8,22360934,-2.68,2476874.0,2751487.4,2956132.285714286,,"2D, 5D, 7D"
RBLBANK,2026-07-27,362.85,352.9,3487986,2.82,1498375.5,2373510.4,5134817.571428572,4330632.5,2D
RBLBANK,2026-07-30,378.05,371.15,7855349,1.86,2037108.5,2111790.8,2108117.285714286,4350592.6,"2D, 5D, 7D"
RBLBANK,2026-08-05,389.8,380.55,3193351,2.43,1286792.0,3220587.6,3023443.8571428573,2606998.7,2D
RECLTD,2026-07-08,348.75,356.25,4511909,-2.11,2139837.0,,,,2D
RECLTD,2026-07-27,368.15,361.6,5219657,1.81,2067346.5,2258281.4,2549123.714285714,2433324.1,"2D, 5D, 7D, 10D"
RECLTD,2026-08-10,343.75,367.0,6881485,-6.34,2161199.5,2043511.2,2085986.142857143,2479060.4,"2D, 5D, 7D, 10D"
RECLTD,2026-08-11,344.7,343.75,6273653,0.28,4584546.5,3011181.6,2742699.4285714286,2645243.2,"5D, 7D, 10D"
RECLTD,2026-08-12,346.0,344.7,7441597,0.38,6577569.0,3818977.6,3338956.285714286,3090214.4,"7D, 10D"
RELIANCE,2026-07-17,1327.2,1296.6,11508344,2.36,6919499.0,5717341.8,6453523.571428572,,5D
RELIANCE,2026-08-05,1280.0,1290.9,16901245,-0.84,5072954.5,5381532.8,5400825.428571428,5845357.7,"2D, 5D, 7D, 10D"
RVNL,2026-07-10,232.67,226.23,2220190,2.85,1082793.0,,,,2D
RVNL,2026-07-29,224.83,221.34,4190896,1.58,1150420.5,1201330.4,1201514.142857143,1259514.5,"2D, 5D, 7D, 10D"
SAIL,2026-07-28,165.85,162.62,9525873,1.99,4278730.5,4206760.4,4258947.857142857,4254828.8,"2D, 5D, 7D, 10D"
SAIL,2026-07-29,170.96,165.85,17921032,3.08,7343695.5,5326492.6,4930834.285714285,4738856.6,"2D, 5D, 7D, 10D"
SBICARD,2026-07-14,638.85,618.7,3589791,3.26,393719.5,359265.4,,,"2D, 5D"
SBICARD,2026-07-17,654.7,644.6,2262478,1.57,665939.5,1141821.8,929000.7142857143,,"2D, 7D"
SBICARD,2026-07-27,645.0,618.75,517868,4.24,226187.5,530180.6,781901.8571428572,1012630.6,2D
SBICARD,2026-08-07,659.0,660.0,849828,-0.15,353824.0,372594.6,395500.85714285716,417493.3,"2D, 5D, 7D, 10D"
SBICARD,2026-08-10,655.0,659.0,1530144,-0.61,558380.5,442384.0,469624.85714285716,483043.9,"2D, 5D, 7D, 10D"
SBICARD,2026-08-13,641.0,656.6,2955210,-2.38,328805.0,660903.0,580749.7142857143,547512.8,"2D, 5D, 7D, 10D"
SBICARD,2026-08-18,615.0,641.75,1632326,-4.17,561005.5,946966.2,1016400.4285714285,814246.9,"2D, 10D"
SBICARD,2026-08-20,647.05,623.65,2465369,3.75,1483378.5,1408795.6,1100226.857142857,1034849.3,"7D, 10D"
SBILIFE,2026-07-29,1894.9,1889.1,976790,0.31,589911.5,464024.4,432973.85714285716,464254.6,"5D, 7D, 10D"
SBILIFE,2026-07-30,1877.5,1894.9,1134972,-0.92,723862.5,599706.8,520779.71428571426,511130.3,"7D, 10D"
SBILIFE,2026-08-10,1855.0,1855.5,531323,-0.03,252233.0,486478.6,580427.1428571428,621960.3,2D
SBILIFE,2026-08-13,1812.0,1830.0,962214,-0.98,643850.5,464698.0,522188.4285714286,588201.4,5D
SBILIFE,2026-08-19,1780.4,1778.0,721527,0.13,254887.0,500088.0,518498.85714285716,451386.1,2D
SBIN,2026-07-20,1060.0,1044.3,8633636,1.5,3970742.0,4893107.0,4389939.714285715,4981829.1,2D
SBIN,2026-07-31,1027.4,1025.3,6811175,0.2,2683483.0,4312765.8,4649081.285714285,5123847.6,2D
SBIN,2026-08-07,1097.2,1085.0,9937122,1.12,5189152.5,5576663.2,4750040.285714285,4944714.5,"7D, 10D"
SHREECEM,2026-07-15,26925.0,26280.0,8803,2.45,4016.5,4494.4,4249.285714285715,,"2D, 7D"
SHREECEM,2026-07-16,27000.0,26925.0,26024,0.28,6725.0,4955.4,5068.0,,"2D, 5D, 7D"
SHREECEM,2026-07-21,27245.0,26850.0,9819,1.47,4727.5,9785.8,7840.0,7095.5,2D
SHREECEM,2026-07-23,26825.0,26720.0,15820,0.39,7471.0,10084.2,9124.42857142857,7519.8,"2D, 10D"
SHREECEM,2026-07-31,26055.0,26455.0,52480,-1.51,5260.0,5208.4,6712.142857142857,6625.9,"2D, 5D, 7D, 10D"
SHREECEM,2026-08-14,24795.0,25245.0,29193,-1.78,9040.5,7164.0,7896.285714285715,12611.2,"2D, 5D, 7D, 10D"
SHREECEM,2026-08-18,24725.0,24535.0,24428,0.77,20755.0,13190.4,11047.142857142857,10336.3,"7D, 10D"
SHRIRAMFIN,2026-07-21,1061.5,1035.4,4349446,2.52,1814938.5,2530176.0,2306443.285714286,2816618.7,2D
SHRIRAMFIN,2026-08-06,1141.0,1122.4,8085496,1.66,2864373.5,3295763.4,3383275.4285714286,3633057.9,"2D, 5D, 7D, 10D"
SIEMENS,2026-07-16,3657.6,3571.8,304214,2.4,111748.0,115516.4,125823.14285714286,,"2D, 5D, 7D"
SIEMENS,2026-07-31,3760.0,3658.8,196413,2.77,70096.0,87260.4,90988.14285714286,95508.4,"2D, 5D, 7D, 10D"
SIEMENS,2026-08-03,3900.0,3760.0,253730,3.72,133570.5,109250.4,109774.71428571429,100606.9,"5D, 7D, 10D"
SIEMENS,2026-08-04,4000.5,3900.0,254772,2.58,225071.5,137265.4,126635.0,121812.0,"7D, 10D"
SIEMENS,2026-08-11,4011.0,3914.3,211066,2.47,92004.0,134567.6,160425.85714285713,135916.5,2D
SIEMENS,2026-08-21,3920.0,3880.0,230810,1.03,62067.0,73741.4,88443.14285714286,101417.6,"2D, 5D, 7D, 10D"
SOLARINDS,2026-07-20,19028.0,18467.0,82103,3.04,32796.0,32353.0,45069.142857142855,45270.6,"2D, 5D"
SOLARINDS,2026-07-28,18244.0,18628.0,45392,-2.06,18230.0,23348.8,32272.85714285714,33244.6,2D
SOLARINDS,2026-08-13,20324.0,18730.0,139819,8.51,35659.0,25235.2,25203.85714285714,27841.2,"2D, 5D, 7D, 10D"
SOLARINDS,2026-08-14,19969.0,20324.0,83210,-1.75,90380.5,48964.6,41926.28571428572,37472.4,10D
SONACOMS,2026-07-16,683.4,669.2,1319215,2.12,542852.5,632014.4,855646.8571428572,,"2D, 5D"
SONACOMS,2026-07-17,704.85,683.4,1696548,3.14,1036654.5,778660.4,889400.4285714285,,5D
SONACOMS,2026-07-23,719.75,726.5,2125788,-0.93,1162210.0,1324368.8,1101078.4285714286,978191.6,10D
SRF,2026-07-08,2709.5,2810.6,308920,-3.6,127693.5,,,,2D
SRF,2026-07-14,2744.9,2741.6,259969,0.12,55577.5,121589.8,,,"2D, 5D"
SRF,2026-07-16,2889.3,2775.6,530328,4.1,190131.5,113090.8,141173.14285714287,,"2D, 5D, 7D"
SRF,2026-07-23,2622.7,2867.2,762116,-8.53,255380.5,263095.8,242248.85714285713,188093.3,"2D, 5D, 7D, 10D"
SRF,2026-07-27,2636.5,2664.7,778762,-1.06,605672.5,380566.6,360974.85714285716,296976.0,"5D, 7D, 10D"
SRF,2026-08-06,2624.9,2639.7,351747,-0.56,135549.5,157603.4,148307.7142857143,302826.1,"2D, 5D, 7D"
SUNPHARMA,2026-07-14,1942.6,1921.4,1781814,1.1,854608.5,1375631.2,,,2D
SUNPHARMA,2026-07-27,1973.7,1941.1,4497897,1.68,1191314.5,1105038.2,1166379.142857143,1209703.3,"2D, 5D, 7D, 10D"
SUNPHARMA,2026-07-28,1976.7,1973.7,3452806,0.15,2803547.5,1766824.0,1685054.4285714286,1576522.4,"7D, 10D"
SUPREMEIND,2026-07-13,3334.6,3319.6,137194,0.45,67480.5,93615.4,,,2D
SUPREMEIND,2026-07-27,3338.2,3458.9,77603,-3.49,25552.0,34950.2,49151.28571428572,74526.9,"2D, 5D"
SUPREMEIND,2026-07-28,3395.4,3338.2,93155,1.71,54899.5,45914.6,41793.42857142857,68567.8,"5D, 7D"
SUPREMEIND,2026-07-29,3479.3,3395.4,112658,2.47,85379.0,52101.6,49358.42857142857,64320.4,"5D, 7D"
SUPREMEIND,2026-08-19,3610.0,3604.0,175384,0.17,78795.0,74399.6,68938.85714285714,74910.7,"2D, 5D, 7D, 10D"
SUZLON,2026-07-17,51.99,51.97,70424611,0.04,18161160.0,16986532.4,17467937.14285714,,"2D, 5D, 7D"
SUZLON,2026-07-28,48.02,53.15,78404013,-9.65,15302573.5,15716701.4,23691390.57142857,21835173.2,"2D, 5D, 7D, 10D"
SUZLON,2026-07-29,47.45,48.02,72599011,-1.19,47110009.0,28823582.2,24831305.14285714,28056606.7,"5D, 7D, 10D"
SUZLON,2026-08-17,49.0,47.1,28691231,4.03,11669461.5,17703616.2,17377897.714285713,18544625.4,2D
SWIGGY,2026-07-08,261.41,266.27,15501744,-1.83,5735879.0,,,,2D
SWIGGY,2026-07-24,251.42,261.55,9655807,-3.87,2198377.0,3195645.2,5346446.285714285,6038723.6,"2D, 5D"
SWIGGY,2026-07-27,257.98,251.42,11095717,2.61,5739218.5,4012077.4,5080425.285714285,6035508.4,"5D, 7D"
SWIGGY,2026-07-29,287.34,268.47,27941950,7.03,10498774.5,7010022.0,5865419.428571428,6807848.0,"2D, 5D, 7D, 10D"
SWIGGY,2026-08-06,288.65,289.9,13942603,-0.43,3439340.5,8255375.0,11302951.0,10169481.1,2D
SWIGGY,2026-08-19,272.4,274.0,8661820,-0.58,2106446.5,2318719.8,2754168.285714286,4893778.1,"2D, 5D, 7D"
TATAELXSI,2026-07-13,3823.6,3690.3,261949,3.61,79039.5,97712.2,,,"2D, 5D"
TATAELXSI,2026-07-15,3520.4,3697.3,453310,-4.78,240212.0,147111.8,138426.42857142858,,"5D, 7D"
TATAELXSI,2026-07-24,3538.0,3387.6,387344,4.44,172365.5,176011.0,206608.57142857142,202901.3,"2D, 5D"
TATAELXSI,2026-08-07,3781.0,3715.0,147373,1.78,60366.0,79735.0,123418.28571428571,178443.7,2D
TATAPOWER,2026-07-28,371.35,377.35,3102998,-1.59,839333.0,889361.8,1161328.0,1397132.4,"2D, 5D, 7D, 10D"
TATAPOWER,2026-08-10,382.0,380.55,2626707,0.38,1341664.0,1104594.4,1181451.4285714286,1425050.5,"5D, 7D"
TATAPOWER,2026-08-14,382.05,382.8,3620661,-0.2,2040711.0,1925043.6,1665166.7142857143,1540276.0,"7D, 10D"
TATASTEEL,2026-07-13,187.11,191.19,27747352,-2.13,10478647.5,10254030.4,,,"2D, 5D"
TATASTEEL,2026-07-31,189.69,186.92,17080860,1.48,8403669.5,8483735.4,8751000.42857143,8899935.9,"2D, 5D"
TATASTEEL,2026-08-10,190.24,187.55,17580902,1.43,6888086.0,10833871.6,10874938.857142856,10447562.0,2D
TCS,2026-07-13,2181.5,2069.0,4621574,5.44,1608676.5,1647795.6,,,"2D, 5D"
TCS,2026-07-28,2398.0,2295.6,4139318,4.46,1586086.0,1194083.8,1311358.142857143,1836086.1,"2D, 5D, 7D, 10D"
TCS,2026-07-29,2446.6,2398.0,3951178,2.03,3017550.0,1790752.4,1575758.4285714286,1800340.2,"5D, 7D, 10D"
TCS,2026-08-12,2349.7,2445.7,2760210,-3.93,877771.0,1471349.8,1479891.5714285714,1913852.9,2D
TECHM,2026-07-17,1572.9,1510.3,3302827,4.14,986710.0,919532.6,844234.1428571428,,"2D, 5D, 7D"
TECHM,2026-07-28,1635.2,1575.0,2729682,3.82,546771.0,838071.0,1197259.0,1138829.0,"2D, 5D, 7D, 10D"
TECHM,2026-07-30,1669.0,1644.2,2511975,1.51,1867409.0,1270763.6,1132167.5714285714,1331727.5,7D
TECHM,2026-08-03,1649.0,1651.3,3115810,-0.14,2186067.0,1760753.6,1532278.857142857,1318493.8,"7D, 10D"
TECHM,2026-08-07,1635.0,1632.2,3913524,0.17,1981431.5,2016041.4,1942474.0,1742054.2,"7D, 10D"
TIINDIA,2026-07-20,2886.9,2888.6,104031,-0.06,52908.0,52957.0,46021.857142857145,58814.5,7D
TIINDIA,2026-07-21,2909.3,2886.9,116156,0.78,78383.5,63079.2,57990.857142857145,58031.0,"7D, 10D"
TIINDIA,2026-07-23,2824.5,2903.7,149096,-2.73,96514.5,80575.2,72632.14285714286,61921.3,"7D, 10D"
TIINDIA,2026-07-24,2767.0,2824.5,193886,-2.04,112984.5,99778.4,84163.0,74806.1,"7D, 10D"
TIINDIA,2026-07-30,2688.8,2786.7,472792,-3.51,142312.5,150706.6,135223.14285714287,115640.9,"2D, 5D, 7D, 10D"
TIINDIA,2026-08-12,2839.0,2780.0,287711,2.12,89057.0,126736.4,137527.85714285713,184940.3,"2D, 5D, 7D"
TIINDIA,2026-08-18,2959.0,2741.4,658688,7.94,158534.0,163365.4,141276.42857142858,159418.6,"2D, 5D, 7D, 10D"
TITAN,2026-07-22,4711.6,4688.7,605925,0.49,208242.5,388842.8,402135.0,489838.3,2D
TITAN,2026-07-28,4849.7,4740.1,727335,2.31,313079.0,344162.4,323737.14285714284,383138.8,"2D, 5D, 7D"
TITAN,2026-08-10,5090.0,4941.0,1195173,3.02,640295.5,545680.2,577316.0,565331.3,"5D, 7D, 10D"
TMPV,2026-08-12,343.0,347.6,10107419,-1.32,2139914.5,2395608.0,3082692.0,3211449.1,"2D, 5D, 7D, 10D"
TMPV,2026-08-14,334.5,349.6,14032932,-4.32,6691483.5,3878161.6,3623001.0,3896032.7,"2D, 5D, 7D, 10D"
TORNTPHARM,2026-07-08,4866.4,4856.7,588399,0.2,236322.0,,,,2D
TORNTPHARM,2026-07-16,4987.6,5017.8,3383130,-0.6,509606.0,462121.2,456818.28571428574,,"2D, 5D, 7D"
TORNTPHARM,2026-07-28,4898.3,5019.5,314018,-2.41,133862.0,154102.4,278430.5714285714,635135.6,"2D, 5D"
TORNTPHARM,2026-07-29,4878.5,4898.3,504641,-0.4,224801.0,190748.8,220345.0,614068.3,"2D, 5D, 7D"
TORNTPHARM,2026-07-30,4872.1,4878.5,507579,-0.13,409329.5,261818.8,227024.42857142858,615080.3,7D
TORNTPHARM,2026-07-31,5122.8,4872.1,709716,5.15,506110.0,318792.4,280852.0,327525.2,"5D, 7D, 10D"
TRENT,2026-08-04,3107.7,3050.0,705541,1.89,422572.0,402152.2,373013.5714285714,338275.5,10D
TRENT,2026-08-06,3107.1,3129.0,835576,-0.7,547081.0,457383.6,443560.4285714286,394128.7,10D
TRENT,2026-08-07,2997.0,3107.1,948021,-3.54,612098.5,554976.4,519843.85714285716,454083.3,10D
TRENT,2026-08-14,2978.0,2990.0,1007597,-0.4,357159.0,481421.4,518757.71428571426,518198.9,"2D, 5D"
TVSMOTOR,2026-07-16,3563.5,3612.3,842777,-1.35,403089.0,296277.2,360115.0,,"2D, 5D, 7D"
TVSMOTOR,2026-07-22,3907.6,3792.0,1158126,3.05,449344.0,533733.8,471136.28571428574,433170.4,"2D, 5D, 7D, 10D"
TVSMOTOR,2026-07-23,3919.8,3907.6,1013526,0.31,913467.0,682222.4,602470.0,489249.8,10D
TVSMOTOR,2026-07-28,3993.5,3876.4,1337196,3.02,548630.5,787544.2,668446.0,632807.7,"2D, 7D, 10D"
TVSMOTOR,2026-07-30,4208.4,4075.6,1814770,3.26,1251473.5,922746.8,920095.4285714285,802484.6,10D
TVSMOTOR,2026-07-31,4313.1,4208.4,2006645,2.49,1490260.5,1082995.6,1083804.2857142857,899683.9,10D
TVSMOTOR,2026-08-21,4390.0,4390.0,693979,0.0,274977.5,299142.8,346531.85714285716,386671.0,"2D, 5D, 7D"
ULTRACEMCO,2026-07-14,11496.0,11571.0,276817,-0.65,72756.5,89760.6,,,"2D, 5D"
ULTRACEMCO,2026-07-21,12094.0,11903.0,445460,1.6,173395.0,197049.0,161536.85714285713,143404.8,"2D, 5D, 7D, 10D"
ULTRACEMCO,2026-08-12,11891.0,11780.0,198710,0.94,83623.0,97779.0,90264.85714285714,122471.0,"2D, 5D, 7D"
UNIONBANK,2026-07-20,175.93,168.46,15583665,4.43,4497931.0,7802290.4,7798886.714285715,7381813.4,"2D, 10D"
UNIONBANK,2026-07-21,176.11,175.93,19517376,0.1,9945184.0,8430490.0,9097714.42857143,8310010.7,"5D, 7D, 10D"
UNIONBANK,2026-08-06,182.5,175.8,10249368,3.81,4077235.0,3632776.4,4246506.428571428,4516992.8,"2D, 5D, 7D, 10D"
UNIONBANK,2026-08-07,183.6,182.5,10851570,0.6,7506953.5,4845958.0,5083999.857142857,5325432.6,"5D, 7D, 10D"
UNITDSPR,2026-07-08,1408.8,1439.4,1593118,-2.13,582020.5,,,,2D
UNITDSPR,2026-07-23,1418.0,1404.2,610661,0.98,359025.5,303016.4,355360.28571428574,368103.3,5D
UNITDSPR,2026-07-24,1467.2,1418.0,1276925,3.47,480233.0,384330.6,393797.0,391878.4,"2D, 5D, 7D, 10D"
UNITDSPR,2026-08-20,1544.0,1524.0,619917,1.31,176966.5,225205.2,251308.14285714287,262334.0,"2D, 5D, 7D, 10D"
UNOMINDA,2026-07-22,1130.9,1147.4,488174,-1.44,215813.0,306969.0,337168.4285714286,394512.4,2D
UNOMINDA,2026-07-28,1163.9,1162.4,768770,0.13,483290.5,397808.4,360146.14285714284,386855.5,7D
UNOMINDA,2026-08-05,1250.0,1227.0,840662,1.87,507234.0,365627.4,437145.28571428574,434222.6,5D
UNOMINDA,2026-08-17,1269.9,1240.0,672879,2.41,236372.0,311388.4,317010.0,407420.0,"2D, 5D, 7D"
UPL,2026-07-08,581.7,600.85,2335598,-3.19,639544.0,,,,2D
UPL,2026-07-15,597.3,593.15,1135705,0.7,508222.0,1348958.4,1146268.5714285714,,2D
UPL,2026-07-16,625.85,597.3,2251650,4.78,858110.5,1108979.8,1222793.0,,"2D, 5D"
UPL,2026-07-27,608.5,602.45,1030643,1.0,290903.5,688669.4,894188.7142857143,841147.0,2D
UPL,2026-07-28,599.65,608.5,1721590,-1.45,659310.5,681437.4,719759.1428571428,900618.5,"2D, 5D, 7D"
UPL,2026-08-04,581.9,620.0,2595390,-6.15,935605.0,934308.6,855737.7142857143,807873.0,"2D, 5D, 7D, 10D"
UPL,2026-08-05,577.25,581.9,2095663,-0.8,1831299.5,1109068.6,1185368.0,923501.0,10D
VBL,2026-07-10,478.1,481.4,6819561,-0.69,2714877.5,,,,2D
VBL,2026-07-27,464.5,457.2,3187086,1.6,1403840.0,2737150.8,2640606.8571428573,2992724.7,2D
VBL,2026-07-28,430.0,464.5,19943342,-7.43,2272749.0,2866533.6,2600986.285714286,2923650.0,"2D, 5D, 7D, 10D"
VBL,2026-08-11,437.0,445.5,3843005,-1.91,1375336.0,1554763.2,2361252.0,4677501.7,"2D, 5D"
VBL,2026-08-18,439.3,433.85,2213848,1.26,1021609.5,1610279.4,1543152.7142857143,1582521.3,2D
VEDL,2026-07-15,260.55,267.7,13530353,-2.67,5405018.5,6458757.0,6273799.285714285,,"2D, 5D, 7D"
VEDL,2026-07-31,264.25,267.5,7470670,-1.21,2980702.0,3167153.4,3320249.0,4758255.2,"2D, 5D, 7D"
VEDL,2026-08-05,277.0,269.0,9965115,2.97,5394188.0,4844090.0,4393404.0,4150078.9,"5D, 7D, 10D"
VEDL,2026-08-10,283.65,278.85,10919021,1.72,6814976.0,6876688.6,6528088.0,5434889.5,10D
VEDL,2026-08-21,279.0,268.0,11547864,4.1,4553006.0,4403758.8,4458129.428571428,5383897.4,"2D, 5D, 7D, 10D"
VMM,2026-07-13,116.21,118.79,4995979,-2.17,1887649.0,3523966.0,,,2D
VMM,2026-07-14,114.28,116.21,11253867,-1.66,3886760.0,3865219.2,,,"2D, 5D"
VMM,2026-07-23,109.87,112.02,9120969,-1.92,4383779.5,4308731.2,5454990.714285715,4695621.2,"2D, 5D"
VMM,2026-08-13,107.0,108.0,7434581,-0.93,5029701.5,3604148.8,3812467.0,4307461.7,5D
VMM,2026-08-20,102.6,103.4,6937581,-0.77,2282717.5,4089650.6,4358236.571428572,3846899.7,2D
VMM,2026-08-21,103.43,102.6,8696109,0.81,4460407.5,3990250.6,4677784.571428572,4298060.8,"5D, 10D"
VOLTAS,2026-07-13,1349.5,1286.7,852735,4.88,420694.5,585740.6,,,2D
VOLTAS,2026-07-22,1308.0,1359.2,273529,-3.77,107308.5,206839.4,306437.71428571426,356090.3,2D
VOLTAS,2026-07-30,1333.2,1313.3,204307,1.52,93365.0,146472.0,162687.42857142858,176382.8,2D
VOLTAS,2026-07-31,1328.9,1333.2,410440,-0.32,159286.5,152710.0,172885.14285714287,155820.4,"2D, 5D, 7D, 10D"
VOLTAS,2026-08-12,1290.0,1280.0,533220,0.78,250075.5,238273.6,206355.85714285713,217350.4,"2D, 5D, 7D, 10D"
VOLTAS,2026-08-14,1320.5,1289.5,606009,2.4,382540.0,314502.2,279492.5714285714,262001.1,"7D, 10D"
VOLTAS,2026-08-17,1267.0,1320.5,1414452,-4.05,418934.5,374248.0,339690.5714285714,281558.0,"2D, 5D, 7D, 10D"
WAAREEENER,2026-07-21,2732.1,2826.2,608150,-3.33,170121.0,206958.8,223846.14285714287,216634.6,"2D, 5D, 7D, 10D"
WAAREEENER,2026-07-30,2624.9,2736.2,1138009,-4.07,350009.5,274757.4,340867.5714285714,289375.1,"2D, 5D, 7D, 10D"
WIPRO,2026-07-28,181.12,178.53,14021785,1.45,5219473.5,4796159.8,5423373.142857143,5353198.5,"2D, 5D, 7D, 10D"
WIPRO,2026-07-29,183.61,181.12,13919409,1.37,9453180.0,6262198.4,6248015.285714285,6084000.6,"5D, 7D, 10D"
WIPRO,2026-07-30,186.33,183.61,25403012,1.48,13970597.0,8591527.6,7417427.571428572,7017753.1,"5D, 7D, 10D"
YESBANK,2026-07-22,23.24,23.14,88802001,0.43,39369850.0,28185642.4,27710724.14285714,26817506.0,"2D, 5D, 7D, 10D"
YESBANK,2026-08-12,22.98,22.75,43204304,1.01,19195386.5,21328606.6,19913596.42857143,19903593.8,"2D, 5D, 7D, 10D"
ZYDUSLIFE,2026-07-22,1126.3,1143.1,875373,-1.47,409714.0,630063.6,656212.1428571428,658241.5,2D
ZYDUSLIFE,2026-08-11,1191.0,1119.0,2156278,6.43,450738.0,499158.8,472562.4285714286,476802.9,"2D, 5D, 7D, 10D"
ZYDUSLIFE,2026-08-12,1205.0,1191.0,2209528,1.18,1344459.5,811933.4,719879.0,645964.0,"5D, 7D, 10D"
